ts_code	trade_date	close	turnover_rate	turnover_rate_f	volume_ratio	pe	pe_ttm	pb	ps	ps_ttm	dv_ratio	dv_ttm	total_share	float_share	free_share	total_mv	circ_mv
300595.SZ	20201014	66.23	0.9304	4.7046	0.89	131.05	126.3934	27.4825	62.1697	59.0168	0.0781	0.1006	60724.492	43174.0306	8538.232	4021783.1052	2859416.0466
300595.SZ	20201013	66.18	0.9612	4.8606	0.92	130.951	126.298	27.4618	62.1228	58.9722	0.0782	0.1007	60724.492	43174.0306	8538.232	4018746.8806	2857257.3451
300595.SZ	20201012	65.63	1.3139	6.644	1.25	129.8628	125.2483	27.2335	61.6065	58.4821	0.0788	0.1015	60724.492	43174.0306	8538.232	3985348.41	2833511.6283
300595.SZ	20201009	63.93	1.0345	5.2312	1.01	126.4989	122.0041	26.5281	60.0107	56.9673	0.0809	0.1042	60724.492	43174.0306	8538.232	3882116.7736	2760115.7763
300595.SZ	20200930	62.22	0.9936	5.0243	0.82	123.1154	118.7407	25.8185	58.4056	55.4435	0.0831	0.1071	60724.492	43174.0306	8538.232	3778277.8922	2686288.1839
300595.SZ	20200929	61.43	0.9037	4.5698	0.76	121.4947	117.1777	25.6461	57.6368	54.7137	0.0842	0.1085	60695.802	43174.0306	8538.232	3728543.1169	2652180.6998
300595.SZ	20200928	60.86	0.9536	4.8219	0.73	120.3674	116.0904	25.4081	57.102	54.206	0.085	0.1095	60695.802	43174.0306	8538.232	3693946.5097	2627571.5023
300595.SZ	20200925	60.7	1.3756	6.9557	1.07	120.051	115.7852	25.3413	56.9518	54.0635	0.0853	0.1098	60695.802	43174.0306	8538.232	3684235.1814	2620663.6574
300595.SZ	20200924	59.37	0.8791	4.4429	0.64	117.4205	113.2482	24.7861	55.704	52.8789	0.0872	0.1123	60695.802	43179.8483	8544.0497	3603509.7647	2563587.5936
300595.SZ	20200923	60.0	1.9176	9.6911	1.57	118.6665	114.4499	25.0491	56.2951	53.4401	0.0863	0.1111	60695.802	43179.8483	8544.0497	3641748.12	2590790.898
300595.SZ	20200922	56.6	0.8529	4.3105	0.7	111.9421	107.9644	23.6297	53.105	50.4118	0.0914	0.1178	60695.802	43179.8483	8544.0497	3435382.3932	2443979.4138
300595.SZ	20200921	56.15	1.5484	7.8253	1.33	111.0521	107.1061	23.4418	52.6828	50.011	0.0922	0.1187	60695.802	43179.8483	8544.0497	3408069.2823	2424548.482
300595.SZ	20200918	57.16	1.1753	5.9397	1.08	113.0496	109.0326	23.8634	53.6304	50.9106	0.0905	0.1166	60695.802	43179.8483	8544.0497	3469372.0423	2468160.1288
300595.SZ	20200917	56.56	1.3389	6.7665	1.18	111.863	107.8881	23.613	53.0675	50.3762	0.0915	0.1179	60695.802	43179.8483	8544.0497	3432954.5611	2442252.2198
300595.SZ	20200916	57.85	1.1241	5.6811	0.89	114.4143	110.3488	24.1515	54.2778	51.5251	0.0895	0.1152	60695.802	43179.8483	8544.0497	3511252.1457	2497954.2242
300595.SZ	20200915	59.28	0.8359	4.2244	0.57	117.2425	113.0765	24.7485	55.6195	52.7988	0.0873	0.1125	60695.802	43179.8483	8544.0497	3598047.1426	2559701.4072
300595.SZ	20200914	58.19	1.2769	6.453	0.69	115.0868	110.9974	24.2935	54.5968	51.828	0.0889	0.1146	60695.802	43179.8483	8544.0497	3531888.7184	2512635.3726
300595.SZ	20200911	59.75	0.8712	4.403	0.34	118.1721	113.9731	24.9447	56.0605	53.2174	0.0866	0.1116	60695.802	43179.8483	8544.0497	3626574.1695	2579995.9359
300595.SZ	20200910	59.05	1.5536	7.8515	0.57	116.7876	112.6378	24.6525	55.4037	52.5939	0.0876	0.1129	60695.802	43179.8483	8544.0497	3584087.1081	2549770.0421
300595.SZ	20200909	57.87	1.7488	8.8382	0.66	114.4539	110.387	24.1599	54.2966	51.5429	0.0894	0.1152	60695.802	43179.8483	8544.0497	3512466.0617	2498817.8211
300595.SZ	20200908	59.01	1.8194	9.1948	0.71	116.7085	112.5615	24.6358	55.3662	52.5583	0.0877	0.113	60695.802	43179.8483	8544.0497	3581659.276	2548042.8482
300595.SZ	20200907	58.76	3.3237	16.7972	1.52	116.2141	112.0846	24.5314	55.1316	52.3356	0.0881	0.1135	60695.802	43179.8483	8544.0497	3566485.3255	2537247.8861
300595.SZ	20200904	62.66	4.2513	21.4851	2.55	123.9274	119.5239	26.1596	58.7908	55.8092	0.0826	0.1064	60695.802	43179.8483	8544.0497	3803198.9533	2705649.2945
300595.SZ	20200903	69.73	2.4843	12.5553	1.48	137.9103	133.0099	29.1112	65.4242	62.1063	0.0742	0.0956	60695.802	43179.8483	8544.0497	4232318.2735	3010930.822
300595.SZ	20200902	67.6	1.2972	6.5556	0.65	133.6976	128.9469	28.222	63.4258	60.2091	0.0766	0.0986	60695.802	43179.8483	8544.0497	4103036.2152	2918957.7451
300595.SZ	20200901	66.89	1.4591	7.3738	0.68	132.2934	127.5926	27.9256	62.7596	59.5768	0.0774	0.0997	60695.802	43179.8483	8544.0497	4059942.1958	2888300.0528
300595.SZ	20200831	65.31	1.4071	7.1112	0.65	129.1685	124.5788	27.266	61.2772	58.1695	0.0792	0.1021	60695.802	43179.8483	8544.0497	3964042.8286	2820075.8925
300595.SZ	20200828	65.16	1.6857	8.5193	0.85	128.8718	124.2926	27.2033	61.1364	58.0359	0.0794	0.1023	60695.802	43179.8483	8544.0497	3954938.4583	2813598.9152
300595.SZ	20200827	63.36	2.517	12.7202	1.52	125.3118	120.8591	26.4519	59.4476	56.4327	0.0817	0.1052	60695.802	43179.8483	8544.0495	3845686.0147	2735875.1883
300595.SZ	20200826	65.0	2.9371	14.8436	2.31	128.5554	134.028	29.4816	60.9863	62.6402	0.0796	0.1026	60695.802	43179.8481	8544.0495	3945227.13	2806690.1265
300595.SZ	20200825	62.18	2.1378	10.8038	2.06	122.9781	128.2132	28.2025	58.3404	59.9225	0.0832	0.1072	60695.802	43179.8481	8544.0495	3774064.9684	2684922.9549
300595.SZ	20200824	58.61	1.5061	7.6116	1.59	115.9174	120.852	26.5833	54.9909	56.4821	0.0883	0.1137	60695.802	43179.8481	8544.0495	3557380.9552	2530770.8971
300595.SZ	20200821	57.79	0.8184	4.1362	0.72	114.2956	119.1612	26.2114	54.2215	55.6919	0.0896	0.1154	60695.802	43179.8481	8544.0495	3507610.3976	2495363.4217
300595.SZ	20200820	56.72	0.9016	4.5563	0.65	112.1794	116.9549	25.7261	53.2176	54.6608	0.0912	0.1175	60695.802	43179.8481	8544.0495	3442665.8894	2449160.9842
300595.SZ	20200819	57.35	0.9933	5.0199	0.68	113.4254	118.2539	26.0118	53.8087	55.2679	0.0902	0.1162	60695.802	43179.8481	8544.0495	3480904.2447	2476364.2885
300595.SZ	20200818	59.09	0.9574	4.8387	0.61	116.8667	121.8417	26.801	55.4412	56.9447	0.0876	0.1128	60695.802	43179.8481	8544.0495	3586514.9402	2551497.2242
300595.SZ	20200817	58.92	1.0575	5.3444	0.64	116.5305	121.4912	26.7239	55.2817	56.7809	0.0878	0.1131	60695.802	43179.8481	8544.0495	3576196.6538	2544156.6501
300595.SZ	20200814	58.25	1.7424	8.8057	1.11	115.2054	120.1097	26.42	54.6531	56.1352	0.0888	0.1144	60695.802	43179.8481	8544.0495	3535530.4665	2515226.1518
300595.SZ	20200813	58.22	2.1378	10.8042	1.53	115.1461	120.0478	26.4064	54.625	56.1063	0.0889	0.1145	60695.802	43179.8481	8544.0495	3533709.5924	2513930.7564
300595.SZ	20200812	61.32	1.4365	7.2597	1.03	121.2772	126.4399	27.8125	57.5335	59.0938	0.0844	0.1087	60695.802	43179.8481	8544.0495	3721866.5786	2647788.2855
300595.SZ	20200811	63.01	1.4368	7.2612	0.98	124.6196	129.9247	28.579	59.1192	60.7224	0.0821	0.1058	60695.802	43179.8481	8544.0495	3824442.484	2720762.2288
300595.SZ	20200810	62.46	1.4982	7.5717	0.87	123.5319	128.7906	28.3295	58.6032	60.1924	0.0829	0.1067	60695.802	43179.8481	8544.0495	3791059.7929	2697013.3123
300595.SZ	20200807	62.1	1.3611	6.8788	0.76	122.8199	128.0483	28.1662	58.2654	59.8454	0.0833	0.1074	60695.802	43179.8481	8544.0495	3769209.3042	2681468.567
300595.SZ	20200806	63.44	1.2457	6.2954	0.67	125.4701	130.8113	28.774	59.5226	61.1368	0.0816	0.1051	60695.802	43179.8481	8544.0495	3850541.6789	2739329.5635
300595.SZ	20200805	64.56	1.4254	7.2038	0.71	127.6852	133.1207	29.282	60.5735	62.2161	0.0802	0.1033	60695.802	43179.8481	8544.0495	3918520.9771	2787690.9933
300595.SZ	20200804	63.9	1.8208	9.202	0.86	126.3798	131.7598	28.9827	59.9542	61.5801	0.081	0.1043	60695.802	43179.8481	8544.0495	3878461.7478	2759192.2936
300595.SZ	20200803	64.13	2.7384	13.8394	1.52	126.8347	132.2341	29.087	60.17	61.8017	0.0807	0.104	60695.802	43179.8481	8544.0495	3892421.7823	2769123.6587
300595.SZ	20200731	65.39	1.7155	8.6695	0.87	129.3267	134.8321	29.6585	61.3522	63.016	0.0791	0.102	60695.802	43179.8481	8544.0495	3968898.4928	2823530.2673
300595.SZ	20200730	65.0	1.6311	8.2431	0.85	128.5554	134.028	29.4816	60.9863	62.6402	0.0796	0.1026	60695.802	43179.8481	8544.0495	3945227.13	2806690.1265
300595.SZ	20200729	65.51	2.1182	10.7052	1.15	129.5641	135.0796	29.7129	61.4648	63.1316	0.079	0.1018	60695.802	43179.8481	8544.0495	3976181.989	2828711.849
300595.SZ	20200728	65.49	2.3352	11.8017	1.25	129.5245	135.0383	29.7038	61.4461	63.1124	0.079	0.1018	60695.802	43179.8481	8544.0495	3974968.073	2827848.2521
300595.SZ	20200727	61.06	1.1952	6.0405	0.58	120.763	125.9038	27.6945	57.2896	58.8432	0.0848	0.1092	60695.802	43179.8481	8544.0495	3706085.6701	2636561.525
300595.SZ	20200724	60.27	2.548	12.877	1.26	119.2005	124.2749	27.3362	56.5484	58.0819	0.0859	0.1106	60695.802	43179.8481	8544.0495	3658135.9865	2602449.445
300595.SZ	20200723	65.18	1.3885	7.0174	0.57	128.9114	134.3991	29.5632	61.1552	62.8136	0.0794	0.1023	60695.802	43179.8481	8544.0495	3956152.3744	2814462.4992
300595.SZ	20200722	65.06	1.7661	8.9254	0.65	128.6741	134.1517	29.5088	61.0426	62.698	0.0795	0.1025	60695.802	43179.8481	8544.0495	3948868.8781	2809280.9174
300595.SZ	20200721	63.85	2.4391	12.3266	0.84	126.281	131.6567	28.96	59.9073	61.5319	0.0811	0.1044	60695.802	43179.8481	8544.0495	3875426.9577	2757033.3012
300595.SZ	20200720	60.4	2.2438	11.3398	0.77	119.4576	124.5429	27.3952	56.6704	58.2072	0.0857	0.1104	60695.802	43179.8481	8544.0495	3666026.4408	2608062.8252
300595.SZ	20200717	60.58	2.2518	11.3801	0.76	119.8136	124.9141	27.4768	56.8392	58.3806	0.0854	0.11	60695.802	43179.8481	8544.0495	3676951.6852	2615835.1979
300595.SZ	20200716	60.35	3.3935	17.1499	1.21	119.3587	124.4398	27.3725	56.6234	58.159	0.0858	0.1105	60695.802	43179.8481	8544.0495	3662991.6507	2605903.8328
300595.SZ	20200715	66.18	3.3368	17.728	1.33	130.8892	136.4611	30.0168	62.0934	63.7773	0.0782	0.1007	60695.802	43179.8481	8127.3629	4016848.1764	2857642.3473
300595.SZ	20200714	63.56	3.2262	17.1404	1.27	125.7074	131.0587	28.8284	59.6352	61.2524	0.0814	0.1049	60695.802	43179.8481	8127.3629	3857825.1751	2744511.1452
300595.SZ	20200713	66.64	2.4038	12.771	0.87	131.799	137.4096	30.2254	62.525	64.2206	0.0777	0.1	60695.802	43179.8481	8127.3629	4044768.2453	2877505.0774
300595.SZ	20200710	65.32	2.3663	12.5721	0.86	129.1883	134.6878	29.6267	61.2866	62.9485	0.0792	0.1021	60695.802	43179.8481	8127.3629	3964649.7866	2820507.6779
300595.SZ	20200709	64.52	2.6931	14.3082	1.0	127.6061	133.0382	29.2639	60.536	62.1776	0.0802	0.1033	60695.802	43179.8481	8127.3629	3916093.145	2785963.7994
300595.SZ	20200708	63.69	1.8142	9.6388	0.66	125.9645	131.3268	28.8874	59.7572	61.3777	0.0813	0.1047	60695.802	43179.8481	8127.3629	3865715.6294	2750124.5255
300595.SZ	20200707	63.97	3.4181	18.1603	1.48	126.5183	131.9041	29.0144	60.0199	61.6475	0.0809	0.1042	60695.802	43179.8481	8127.3629	3882710.4539	2762214.883
300595.SZ	20200706	63.82	3.4707	18.4392	1.83	126.2216	131.5949	28.9464	59.8792	61.503	0.0811	0.1045	60695.802	43179.8481	8127.3629	3873606.0836	2755737.9057
300595.SZ	20200703	66.99	2.3763	12.625	1.36	132.4912	138.1313	30.3842	62.8534	64.5579	0.0773	0.0995	60695.802	43179.8481	8127.3629	4066011.776	2892618.0242
300595.SZ	20200702	64.56	2.4213	12.8642	1.59	127.6852	133.1207	29.282	60.5735	62.2161	0.0802	0.1033	60695.802	43179.8481	8127.3629	3918520.9771	2787690.9933
300595.SZ	20200701	65.8	2.0521	10.9026	1.52	130.1376	135.6776	29.8444	61.7369	63.4111	0.0787	0.1013	60695.802	43179.8481	8127.3629	3993783.7716	2841234.005
300595.SZ	20200630	69.34	1.255	6.6676	0.88	137.1389	142.9769	31.45	65.0583	66.8226	0.0746	0.0961	60695.802	43179.8481	8127.3629	4208646.9107	2994090.6673
300595.SZ	20200629	67.5	1.3981	7.4281	0.96	133.4998	139.1829	30.6155	63.3319	65.0494	0.0767	0.0988	60695.802	43179.8481	8127.3629	4096966.635	2914639.7468
300595.SZ	20200624	66.5	1.5951	8.4745	0.98	131.5221	137.1209	30.1619	62.3937	64.0857	0.0778	0.1003	60695.802	43179.8481	8127.3629	4036270.833	2871459.8987
300595.SZ	20200623	66.28	1.3312	7.0725	0.78	131.087	136.6673	30.0621	62.1873	63.8737	0.0781	0.1006	60695.802	43179.8481	8127.3629	4022917.7566	2861960.3321
300595.SZ	20200622	63.41	1.1885	6.3145	0.65	125.4107	130.7494	28.7604	59.4945	61.1079	0.0816	0.1051	60695.802	43179.8481	8127.3629	3848720.8048	2738034.168
300595.SZ	20200619	63.16	1.6092	8.5497	0.86	124.9163	130.234	28.647	59.2599	60.867	0.0819	0.1056	60695.802	43179.8481	8127.3629	3833546.8543	2727239.206
300595.SZ	20200618	60.2	1.5209	8.0802	0.77	119.0621	124.1305	27.3045	56.4827	58.0144	0.086	0.1107	60695.802	43179.8481	8127.3629	3653887.2804	2599426.8556
300595.SZ	20200617	62.14	2.4582	13.0601	1.4	122.899	128.1307	28.1844	58.3029	59.884	0.0833	0.1073	60695.802	43179.8481	8127.3629	3771637.1363	2683195.7609
300595.SZ	20200616	60.38	1.8008	9.5673	1.03	119.4181	124.5017	27.3861	56.6516	58.1879	0.0857	0.1104	60695.802	43179.8481	8127.3629	3664812.5248	2607199.2283
300595.SZ	20200615	58.88	1.6937	8.9983	0.87	116.4514	121.4087	26.7058	55.2442	56.7423	0.0879	0.1132	60695.802	43179.8481	8127.3629	3573768.8218	2542429.4561
300595.SZ	20200612	59.9	1.9208	10.2049	1.02	118.4687	123.5119	27.1684	56.2012	57.7253	0.0864	0.1113	60695.802	43179.8481	8127.3629	3635678.5398	2586472.9012
300595.SZ	20200611	60.57	2.0329	10.8006	1.06	119.7939	124.8935	27.4723	56.8299	58.371	0.0854	0.1101	60695.802	43179.8481	8127.3629	3676344.7271	2615403.3994
300595.SZ	20200610	59.56	1.356	7.2044	0.72	117.7963	122.8109	27.0142	55.8822	57.3977	0.0869	0.1119	60695.802	43179.8481	8127.3629	3615041.9671	2571791.7528
300595.SZ	20200609	58.35	1.7211	9.1438	0.95	115.4032	120.3159	26.4654	54.7469	56.2316	0.0887	0.1143	60695.802	43179.8481	8127.3629	3541600.0467	2519544.1366
300595.SZ	20200608	58.59	2.7512	14.6168	1.73	115.8779	120.8108	26.5742	54.9721	56.4629	0.0883	0.1138	60695.802	43179.8481	8127.3629	3556167.0392	2529907.3002
300595.SZ	20200605	62.49	1.5846	8.4188	0.93	123.5912	128.8524	28.3431	58.6313	60.2213	0.0828	0.1067	60695.802	43179.8481	8127.3629	3792880.667	2698308.7078
300595.SZ	20200604	60.56	2.1765	11.5637	1.43	119.7741	124.8728	27.4678	56.8205	58.3614	0.0855	0.1101	60695.802	43179.8481	8127.3629	3675737.7691	2614971.6009
300595.SZ	20200603	55.05	1.2127	6.443	0.81	108.8765	113.5114	24.9686	51.6507	53.0514	0.094	0.1211	60695.802	43179.8481	8127.3629	3341303.9001	2377050.6379
300595.SZ	20200602	54.38	1.3476	7.1594	0.87	107.5514	112.1299	24.6647	51.0221	52.4057	0.0952	0.1226	60695.802	43179.8481	8127.3629	3300637.7128	2348120.1397
300595.SZ	20200601	55.68	1.6465	8.7477	1.16	110.1225	114.8104	25.2544	52.2418	53.6585	0.0929	0.1197	60695.802	43179.8481	8127.3629	3379542.2554	2404253.9422
300595.SZ	20200529	54.5	2.1767	11.5648	1.75	107.7888	112.3773	24.7192	51.1347	52.5214	0.095	0.1223	60695.802	43179.8481	8127.3629	3307921.209	2353301.7215
300595.SZ	20200528	50.21	1.2161	6.4609	1.0	99.3041	103.5315	22.7734	47.1096	48.3871	0.1031	0.1328	60695.802	43179.8481	8127.3629	3047536.2184	2168060.1731
300595.SZ	20200527	51.05	1.1221	5.9615	0.79	100.9654	105.2635	23.1544	47.8977	49.1966	0.1014	0.1306	60695.802	43179.8481	8127.3629	3098520.6921	2204331.2455
300595.SZ	20200526	51.43	1.5813	8.4012	1.24	101.717	106.0471	23.3267	48.2542	49.5628	0.1006	0.1296	60695.802	43179.8481	8127.3629	3121585.0969	2220739.5878
300595.SZ	20200525	49.8	1.0171	5.4036	0.75	98.4932	102.686	22.5874	46.7249	47.992	0.1039	0.1339	60695.802	43179.8481	8127.3629	3022650.9396	2150356.4354
300595.SZ	20200522	49.25	1.2968	6.8899	0.94	97.4054	101.552	22.338	46.2089	47.462	0.1051	0.1354	60695.802	43179.8481	8127.3629	2989268.2485	2126607.5189
300595.SZ	20200521	50.07	1.0912	5.7977	0.75	99.0272	103.2428	22.7099	46.9782	48.2522	0.1034	0.1331	60695.802	43179.8481	8127.3629	3039038.8061	2162014.9944
300595.SZ	20200520	50.09	2.1218	11.273	1.53	99.0668	103.284	22.719	46.997	48.2715	0.1033	0.1331	60695.802	43179.8481	8127.3629	3040252.7222	2162878.5913
300595.SZ	20200519	75.98	1.2954	6.8824	0.62	100.1809	104.4456	22.3002	47.5255	48.8143	0.1022		40463.868	28786.5654	5418.242	3074444.6906	2187203.2391
300595.SZ	20200518	75.6	2.1137	11.23	1.13	99.6799	103.9232	22.1886	47.2878	48.5702	0.1027		40463.868	28786.5654	5418.242	3059068.4208	2176264.3442
300595.SZ	20200515	72.8	2.1259	11.2947	1.27	95.988	100.0742	21.3668	45.5364	46.7713	0.1066	0.1066	40463.868	28786.5654	5418.242	2945769.5904	2095661.9611
300595.SZ	20200514	75.98	2.1696	11.527	1.5	100.1809	104.4456	22.3002	47.5255	48.8143	0.1022	0.1022	40463.868	28786.5654	5418.242	3074444.6906	2187203.2391
300595.SZ	20200513	74.86	2.7014	14.3478	2.25	98.7042	102.906	21.9714	46.825	48.0948	0.1037	0.1037	40463.868	28788.5929	5420.2695	3029125.1585	2155114.0645
300595.SZ	20200512	68.05	1.3007	6.9083	1.1	89.7251	93.5447	19.9727	42.5653	43.7196	0.1141	0.1141	40463.868	28788.5929	5420.2695	2753566.2174	1959063.7468
300595.SZ	20200511	66.56	1.0683	5.6738	0.86	87.7605	91.4964	19.5354	41.6333	42.7623	0.1166	0.1166	40463.868	28788.5929	5420.2695	2693275.0541	1916168.7434
300595.SZ	20200508	67.99	1.1321	6.0128	0.84	89.646	93.4622	19.9551	42.5278	43.6811	0.1142	0.1142	40463.868	28788.5929	5420.2695	2751138.3853	1957336.4313
300595.SZ	20200507	67.32	1.0092	5.3601	0.59	88.7626	92.5412	19.7584	42.1087	43.2506	0.1153	0.1153	40463.868	28788.5929	5420.2695	2724027.5938	1938048.074
300595.SZ	20200506	66.42	1.487	7.8978	0.94	87.5759	91.304	19.4943	41.5458	42.6724	0.1169	0.1169	40463.868	28788.5929	5420.2695	2687610.1126	1912138.3404
300595.SZ	20200430	65.86	1.2028	6.3886	0.8	86.8375	90.5342	19.3299	41.1955	42.3126	0.1179	0.1179	40463.868	28788.5929	5420.2695	2664950.3465	1896016.7284
300595.SZ	20200429	67.33	1.3592	7.2191	0.94	88.7757	92.5549	19.7614	42.115	43.257	0.1153	0.1153	40463.868	28788.5929	5420.2695	2724432.2324	1938335.96
300595.SZ	20200428	68.07	1.651	8.7689	1.25	89.7514	93.5721	19.9786	42.5778	43.7325	0.114	0.114	40463.868	28788.5929	5420.2695	2754375.4948	1959639.5187
300595.SZ	20200427	67.0	2.8425	15.0971	2.94	88.3406	92.1013	19.6645	41.9085	43.045	0.1159	0.1159	40463.868	28788.5929	5420.2695	2711079.156	1928835.7243
300595.SZ	20200424	61.77	0.8384	1.4456	0.82	81.4448	81.4448	18.7868	38.6372	38.6372	0.1257	0.1257	40463.868	28788.5929	16694.9373	2499453.1264	1778271.3834
300595.SZ	20200423	62.18	0.8594	1.4819	0.79	81.9854	81.9854	18.9115	38.8936	38.8936	0.1248	0.1248	40463.868	28788.5929	16694.9373	2516043.3122	1790074.7065
300595.SZ	20200422	62.15	1.017	1.7537	0.86	81.9458	81.9458	18.9024	38.8749	38.8749	0.1249	0.1249	40463.868	28788.5929	16694.9373	2514829.3962	1789211.0487
300595.SZ	20200421	60.93	1.0722	1.8489	0.83	80.3372	80.3372	18.5313	38.1118	38.1118	0.1274	0.1274	40463.868	28788.5929	16694.9373	2465463.4772	1754088.9654
300595.SZ	20200420	62.0	1.0403	1.7939	0.75	81.748	81.748	18.8568	38.781	38.781	0.1252	0.1252	40463.868	28788.5929	16694.9373	2508759.816	1784892.7598
300595.SZ	20200417	61.09	1.1458	1.9758	0.76	80.5482	80.5482	18.58	38.2118	38.2118	0.1271	0.1271	40463.868	28788.5929	16694.9373	2471937.6961	1758695.1403
300595.SZ	20200416	62.1	1.19	2.0521	0.79	81.8799	81.8799	18.8872	38.8436	38.8436	0.125	0.125	40463.868	28788.5929	16694.9373	2512806.2028	1787771.6191
300595.SZ	20200415	61.0	1.4626	2.5221	1.1	80.4295	80.4295	18.5526	38.1555	38.1555	0.1273	0.1273	40463.868	28788.5929	16694.9373	2468295.948	1756104.1669
300595.SZ	20200414	62.97	1.6462	2.8386	1.38	83.027	83.027	19.1518	39.3878	39.3878	0.1233	0.1233	40463.868	28788.5929	16694.9373	2548009.768	1812817.6949
300595.SZ	20200413	61.73	1.509	2.6021	1.42	81.3921	81.3921	18.7747	38.6122	38.6122	0.1258	0.1258	40463.868	28788.5929	16694.9373	2497834.5716	1777119.8397
300595.SZ	20200410	59.45	1.7763	3.063	1.91	78.3858	78.3858	18.0812	37.186	37.186	0.1306	0.1306	40463.868	28788.5929	16694.9373	2405576.9526	1711481.8479
300595.SZ	20200409	59.05	1.1144	1.9216	1.25	110.4957	77.8882	17.9599	52.1223	36.8989	0.1315	0.1315	40463.868	28788.5929	16694.9373	2389391.4054	1699966.4107
300595.SZ	20200408	57.1	0.6131	1.0573	0.6	106.8468	75.3161	17.3668	50.4011	35.6804	0.136	0.136	40463.868	28788.5929	16694.9373	2310486.8628	1643828.6546
300595.SZ	20200407	57.43	0.9601	1.6555	0.87	107.4643	75.7514	17.4672	50.6924	35.8866	0.1352	0.1352	40463.868	28788.5929	16694.9373	2323839.9392	1653328.8902
300595.SZ	20200403	56.54	0.8361	1.4418	0.69	105.7989	74.5774	17.1965	49.9068	35.3305	0.1373	0.1373	40463.868	28788.5929	16694.9373	2287827.0967	1627707.0426
300595.SZ	20200402	56.55	1.1312	1.9507	0.87	105.8176	74.5906	17.1995	49.9156	35.3367	0.1373	0.1373	40463.868	28788.5929	16694.9373	2288231.7354	1627994.9285
300595.SZ	20200401	54.55	0.9003	1.5525	0.63	102.0752	71.9526	16.5912	48.1503	34.087	0.1423	0.1423	40463.868	28788.5929	16694.9373	2207303.9994	1570417.7427
300595.SZ	20200331	55.24	1.2415	2.1408	0.79	103.3663	72.8627	16.8011	48.7593	34.5182	0.1405	0.1405	40463.868	28788.5929	16694.9373	2235224.0683	1590281.8718
300595.SZ	20200330	53.39	1.4197	2.4482	0.89	99.9045	70.4225	16.2384	47.1264	33.3621	0.1454	0.1454	40463.868	28788.5929	16694.9373	2160365.9125	1537022.9749
300595.SZ	20200327	55.1	1.4046	2.4221	0.93	103.1043	72.6781	16.7585	48.6358	34.4307	0.1409	0.1409	40463.868	28788.5929	16694.9373	2229559.1268	1586251.4688
300595.SZ	20200326	54.45	1.5601	2.6903	1.03	101.888	71.8207	16.5608	48.062	34.0245	0.1426	0.1426	40463.868	28788.5929	16694.9373	2203257.6126	1567538.8834
300595.SZ	20200325	53.52	1.5618	2.6931	1.0	100.1478	70.594	16.278	47.2411	33.4434	0.145	0.145	40463.868	28788.5929	16694.9373	2165626.2154	1540765.492
300595.SZ	20200324	52.63	1.9509	3.3641	1.24	98.4824	69.4201	16.0073	46.4555	32.8872	0.1475	0.1475	40463.868	28788.5929	16694.9373	2129613.3728	1515143.6443
300595.SZ	20200323	49.21	1.4593	2.5164	0.9	92.0828	64.909	14.9671	43.4368	30.7501	0.1578	0.1578	40463.868	28788.5929	16694.9373	1991226.9443	1416686.6566
300595.SZ	20200320	51.7	1.0407	1.7946	0.59	96.7422	68.1934	15.7244	45.6346	32.3061	0.1502	0.1502	40463.868	28788.5929	16694.9373	2091981.9756	1488370.2529
300595.SZ	20200319	50.81	1.565	2.6987	0.86	95.0768	67.0195	15.4537	44.8491	31.75	0.1528	0.1528	40463.868	28788.5929	16694.9373	2055969.1331	1462748.4052
300595.SZ	20200318	51.41	1.7611	3.0367	1.0	96.1995	67.8109	15.6362	45.3787	32.1249	0.151	0.151	40463.868	28788.5929	16694.9373	2080247.4539	1480021.561
300595.SZ	20200317	50.49	2.0595	3.5515	1.27	94.478	66.5974	15.3564	44.5666	31.55	0.1538	0.1538	40463.868	28788.5929	16694.9373	2043020.6953	1453536.0555
300595.SZ	20200316	51.1	1.6969	2.9261	1.05	95.6194	67.402	15.5419	45.105	31.9312	0.1519	0.1519	40463.868	28788.5929	16694.9373	2067703.6548	1471097.0972
300595.SZ	20200313	54.5	1.7105	2.9495	1.11	101.9816	71.8866	16.576	48.1061	34.0557	0.1424	0.1424	40463.868	28788.5929	16694.9373	2205280.806	1568978.3131
300595.SZ	20200312	55.2	1.8829	3.2468	1.21	103.2914	72.81	16.7889	48.724	34.4932	0.1406	0.1406	40463.868	28788.5929	16694.9373	2233605.5136	1589130.3281
300595.SZ	20200311	57.72	1.4414	2.4856	0.94	108.0069	76.1339	17.5554	50.9484	36.0678	0.1345	0.1345	40463.868	28788.5929	16694.9373	2335574.461	1661677.5822
300595.SZ	20200310	59.9	1.3905	2.3978	0.88	112.0862	79.0094	18.2184	52.8726	37.4301	0.1296	0.1296	40463.868	28788.5929	16694.9373	2423785.6932	1724436.7147
300595.SZ	20200309	58.5	1.621	2.7953	0.98	109.4665	77.1627	17.7926	51.6369	36.5552	0.1327	0.1327	40463.868	28788.5929	16694.9373	2367136.278	1684132.6847
300595.SZ	20200306	61.43	1.3481	2.3247	0.77	114.9492	81.0275	18.6838	54.2231	38.3861	0.1264	0.1264	40463.868	28788.5929	16694.9373	2485695.4112	1768483.2618
300595.SZ	20200305	61.07	1.9998	3.4485	1.03	114.2755	80.5526	18.5743	53.9054	38.1612	0.1271	0.1271	40463.868	28788.5929	16694.9373	2471128.4188	1758119.3684
300595.SZ	20200304	58.95	1.3141	2.2661	0.65	110.3085	77.7563	17.9295	52.0341	36.8364	0.1317	0.1317	40463.868	28788.5929	16694.9373	2385345.0186	1697087.5515
300595.SZ	20200303	58.41	1.6272	2.8058	0.79	109.2981	77.044	17.7653	51.5574	36.499	0.1329	0.1329	40463.868	28788.5929	16694.9373	2363494.5299	1681541.7113
300595.SZ	20200302	59.11	1.9768	3.4087	0.99	110.6079	77.9673	17.9782	52.1753	36.9364	0.1313	0.1313	40463.868	28788.5929	16694.9373	2391819.2375	1701693.7263
300595.SZ	20200228	56.4	1.8506	3.1911	1.02	105.5369	74.3928	17.1539	49.7832	35.243	0.1376	0.1376	40463.868	28788.5929	16694.9373	2282162.1552	1623676.6396
300595.SZ	20200227	57.99	2.9484	5.0843	2.0	108.5122	76.49	17.6375	51.1867	36.2366	0.1339	0.1339	40463.868	28788.5929	16694.9373	2346499.7053	1669450.5023
300595.SZ	20200226	55.16	1.7517	3.0205	1.28	103.2166	72.7572	16.7768	48.6887	34.4682	0.1407	0.1407	40463.868	28788.5929	16694.9373	2231986.9589	1587978.7844
300595.SZ	20200225	56.0	1.8365	3.1669	1.42	104.7884	80.8944	17.9078	49.4302	36.9502	0.1386	0.1386	40463.868	28788.5929	16694.9373	2265976.608	1612161.2024
300595.SZ	20200224	57.2	1.6161	2.7867	1.33	107.0339	82.6279	18.2915	50.4894	37.742	0.1357	0.1357	40463.868	28788.5929	16694.9373	2314533.2496	1646707.5139
300595.SZ	20200221	57.45	0.9613	1.6577	0.71	107.5017	82.989	18.3715	50.7101	37.907	0.1351	0.1351	40463.868	28788.5929	16694.9373	2324649.2166	1653904.6621
300595.SZ	20200220	57.16	1.1902	2.0524	0.86	106.959	82.5701	18.2788	50.4541	37.7156	0.1358	0.1358	40463.868	28788.5929	16694.9373	2312914.6949	1645555.9702
300595.SZ	20200219	55.97	1.2406	2.1392	0.87	104.7323	80.8511	17.8982	49.4037	36.9305	0.1387	0.1387	40463.868	28788.5929	16694.9373	2264762.692	1611297.5446
300595.SZ	20200218	57.78	1.441	2.4971	0.88	108.1192	83.4657	18.477	51.0013	38.1247	0.1344	0.1344	40463.868	28788.5929	16613.7516	2338002.293	1663404.8978
300595.SZ	20200217	56.75	1.2475	2.1616	0.74	106.1918	81.9778	18.1476	50.0922	37.4451	0.1368	0.1368	40463.868	28788.5929	16613.7516	2296324.509	1633752.6471
300595.SZ	20200214	55.44	1.6554	2.8685	1.02	103.7405	80.0855	17.7287	48.9359	36.5807	0.14	0.14	40463.868	28788.5929	16613.7516	2243316.8419	1596039.5904
300595.SZ	20200213	54.55	1.309	2.2683	0.77	102.0752	78.7998	17.4441	48.1503	35.9935	0.1423	0.1423	40463.868	28788.5929	16613.7516	2207303.9994	1570417.7427
300595.SZ	20200212	55.62	1.4965	2.5932	0.84	104.0774	80.3455	17.7863	49.0947	36.6995	0.1396	0.1396	40463.868	28788.5929	16613.7516	2250600.3382	1601221.5371
300595.SZ	20200211	55.16	2.4887	4.3125	1.54	103.2166	79.681	17.6392	48.6887	36.396	0.1407	0.1407	40463.868	28788.5929	16613.7516	2231986.9589	1587978.7844
300595.SZ	20200210	52.17	1.5101	2.6168	0.86	97.6216	75.3618	16.683	46.0495	34.4231	0.1488	0.1488	40463.868	28788.5929	16613.7516	2110999.9936	1501900.8916
300595.SZ	20200207	51.35	1.2765	2.212	0.69	96.0872	74.1773	16.4208	45.3257	33.8821	0.1512	0.1512	40463.868	28788.5929	16613.7516	2077819.6218	1478294.2454
300595.SZ	20200206	51.86	1.7601	3.0499	1.03	97.0416	74.914	16.5839	45.7759	34.2186	0.1497	0.1497	40463.868	28788.5929	16613.7516	2098456.1945	1492976.4278
300595.SZ	20200205	50.12	1.8531	3.2111	1.19	93.7856	72.4005	16.0275	44.24	33.0705	0.1549	0.1549	40463.868	28788.5929	16613.7516	2028049.0642	1442884.2761
300595.SZ	20200204	50.79	1.7061	2.9564	1.16	95.0394	73.3683	16.2417	44.8314	33.5126	0.1528	0.1528	40463.868	28788.5929	16613.7516	2055159.8557	1462172.6334
300595.SZ	20200203	47.75	2.1836	3.7838	1.71	89.3508	68.9769	15.2696	42.148	31.5067	0.1626	0.1626	40463.868	28788.5929	16613.7516	1932149.697	1374655.311
300595.SZ	20200123	52.18	1.795	3.1103	1.44	97.6404	75.3762	16.6862	46.0583	34.4297	0.1488	0.1488	40463.868	28788.5929	16613.7516	2111404.6322	1502188.7775
300595.SZ	20200122	54.19	0.9867	1.7098	0.61	101.4015	78.2798	17.329	47.8325	35.756	0.1433	0.1433	40463.868	28788.5929	16613.7516	2192737.0069	1560053.8493
300595.SZ	20200121	53.9	1.1292	1.9567	0.68	100.8589	77.8609	17.2363	47.5765	35.5646	0.144	0.144	40463.868	28788.5929	16613.7516	2181002.4852	1551705.1573
300595.SZ	20200120	54.4	1.2913	2.2376	0.79	101.7945	78.5831	17.3962	48.0179	35.8945	0.1427	0.1427	40463.868	28788.5929	16613.7516	2201234.4192	1566099.4538
300595.SZ	20200117	53.48	1.1723	2.0313	0.72	100.0729	77.2542	17.102	47.2058	35.2875	0.1452	0.1452	40463.868	28788.5929	16613.7516	2164007.6606	1539613.9483
300595.SZ	20200116	52.86	1.8798	2.8321	1.02	98.9128	76.3585	16.9037	46.6585	34.8784	0.1469	0.1469	40463.868	25030.3703	16613.7516	2138920.0625	1323105.3741
300595.SZ	20200115	52.7	3.23	4.8669	2.16	98.6134	76.1274	16.8525	46.5173	34.7728	0.1473	0.1473	40463.868	25030.3703	16611.8316	2132445.8436	1319100.5148
300595.SZ	20200114	49.46	1.563	2.3549	0.86	92.5506	71.4471	15.8164	43.6574	32.635	0.157	0.157	40463.868	25028.4503	16611.8316	2001342.9113	1237907.1518
300595.SZ	20200113	50.03	1.4109	2.1257	0.78	93.6172	72.2705	15.9987	44.1606	33.0111	0.1552	0.1552	40463.868	25028.4503	16611.8316	2024407.316	1252173.3685
300595.SZ	20200110	50.11	1.2645	1.9052	0.71	93.7669	72.386	16.0243	44.2312	33.0639	0.1549	0.1549	40463.868	25028.4503	16611.8316	2027644.4255	1254175.6445
300595.SZ	20200109	50.0	1.7437	2.6271	0.99	93.5611	72.2271	15.9891	44.1341	32.9913	0.1553	0.1553	40463.868	25028.4503	16611.8316	2023193.4	1251422.515
300595.SZ	20200108	48.55	1.507	2.2705	0.84	90.8478	70.1326	15.5254	42.8542	32.0345	0.1599	0.1599	40463.868	25028.4503	16611.8316	1964520.7914	1215131.2621
300595.SZ	20200107	49.4	3.1821	4.7944	2.2	92.4384	71.3604	15.7972	43.6045	32.5954	0.1571	0.1571	40463.868	25028.4503	16611.8316	1998915.0792	1236405.4448
300595.SZ	20200106	46.55	1.3821	2.0823	0.94	87.1054	67.2435	14.8859	41.0888	30.7149	0.1668	0.1668	40463.868	25028.4503	16611.8316	1883593.0554	1165074.3615
300595.SZ	20200103	46.88	1.0395	1.5756	0.72	87.7229	67.7202	14.9914	41.3801	30.9326	0.1656	0.1656	40463.868	25028.4503	16512.6716	1896946.1318	1173333.7501
300595.SZ	20200102	47.4	1.6774	2.5425	1.17	88.6959	68.4713	15.1577	41.8391	31.2757	0.1638	0.1638	40463.868	25028.4503	16512.6716	1917987.3432	1186348.5442
300595.SZ	20191231	47.33	1.6519	2.5038	1.25	88.5649	68.3702	15.1353	41.7773	31.2296	0.1363	0.164	40463.868	25028.4503	16512.6716	1915154.8724	1184596.5527
300595.SZ	20191230	46.4	1.4761	2.2373	1.12	86.8247	67.0268	14.8379	40.9564	30.6159	0.139	0.1673	40463.868	25028.4503	16512.6716	1877523.4752	1161320.0939
300595.SZ	20191227	46.88	1.5355	2.3274	1.18	87.7229	67.7202	14.9914	41.3801	30.9326	0.1376	0.1656	40463.868	25028.4503	16512.6716	1896946.1318	1173333.7501
300595.SZ	20191226	47.44	0.8787	1.3309	0.59	88.6029	68.3995	15.3638	41.7952	31.2429	0.1363	0.1639	40387.348	25028.4503	16525.2581	1915975.7891	1187349.6822
300595.SZ	20191225	47.15	1.6329	2.4743	0.97	88.0613	67.9814	15.2699	41.5397	31.052	0.1371	0.165	40387.348	25041.0368	16525.2581	1904263.4582	1180684.8851
300595.SZ	20191224	48.53	1.0623	1.6097	0.62	90.6387	69.9711	15.7168	42.7555	31.9608	0.1332	0.1603	40387.348	25041.0368	16525.2581	1959997.9984	1215241.5159
300595.SZ	20191223	47.78	1.4909	2.2593	0.87	89.2379	68.8897	15.474	42.0948	31.4669	0.1353	0.1628	40387.348	25041.0368	16525.2581	1929707.4874	1196460.7383
300595.SZ	20191220	47.87	1.4605	2.2132	0.8	89.406	69.0195	15.5031	42.1741	31.5261	0.135	0.1625	40387.348	25041.0368	16525.2581	1933342.3488	1198714.4316
300595.SZ	20191219	49.14	1.7695	2.6813	1.04	91.778	70.8506	15.9144	43.2929	32.3625	0.1315	0.1583	40387.348	25041.0368	16525.2581	1984634.2807	1230516.5484
300595.SZ	20191218	49.71	2.6304	3.9859	1.89	92.8425	71.6724	16.099	43.7951	32.7379	0.13	0.1565	40387.348	25041.0368	16525.2581	2007655.0691	1244789.9393
300595.SZ	20191217	52.52	1.2008	1.8196	0.86	98.0907	75.7239	17.009	46.2708	34.5885	0.1231	0.1481	40387.348	25041.0368	16525.2581	2121143.517	1315155.2527
300595.SZ	20191216	53.18	1.4848	2.2499	1.05	99.3234	76.6755	17.2228	46.8522	35.0232	0.1215	0.1463	40387.348	25041.0368	16525.2581	2147799.1666	1331682.337
300595.SZ	20191213	52.49	2.0928	3.1713	1.66	98.0347	75.6807	16.9993	46.2443	34.5688	0.1231	0.1482	40387.348	25041.0368	16525.2581	2119931.8965	1314404.0216
300595.SZ	20191212	49.83	1.0609	1.6076	0.77	93.0667	71.8455	16.1379	43.9008	32.8169	0.1297	0.1561	40387.348	25041.0368	16525.2581	2012501.5508	1247794.8637
300595.SZ	20191211	50.59	1.1302	1.7126	0.71	94.4861	72.9412	16.384	44.5704	33.3175	0.1278	0.1537	40387.348	25041.0368	16525.2581	2043195.9353	1266826.0517
300595.SZ	20191210	50.42	1.2482	1.8915	0.63	94.1686	72.6961	16.3289	44.4206	33.2055	0.1282	0.1543	40387.348	25041.0368	16525.2581	2036330.0862	1262569.0755
300595.SZ	20191209	49.0	1.5521	2.352	0.78	91.5165	70.6487	15.8691	43.1696	32.2703	0.1319	0.1587	40387.348	25041.0368	16525.2581	1978980.052	1227010.8032
300595.SZ	20191206	50.14	1.3114	1.9872	0.56	93.6456	72.2924	16.2383	44.174	33.0211	0.1289	0.1551	40387.348	25041.0368	16525.2581	2025021.6287	1255557.5852
300595.SZ	20191205	49.66	1.6549	2.5198	0.72	92.7492	71.6003	16.0828	43.7511	32.705	0.1302	0.1566	40387.348	24809.1224	16293.3437	2005635.7017	1232021.0184
300595.SZ	20191204	49.18	2.2766	3.4668	1.03	91.8527	70.9083	15.9274	43.3282	32.3889	0.1314	0.1581	40387.348	24809.1224	16291.8857	1986249.7746	1220112.6396
300595.SZ	20191203	48.57	3.1061	4.7297	1.52	90.7134	70.0288	15.7298	42.7908	31.9871	0.1331	0.1601	40387.348	24807.6644	16291.8857	1961613.4924	1204908.2599
300595.SZ	20191202	47.79	1.6908	2.5746	0.75	89.2566	68.9042	15.4772	42.1036	31.4734	0.1353	0.1627	40387.348	24807.6644	16291.8857	1930111.3609	1185558.2817
300595.SZ	20191129	48.6	3.1474	4.7926	1.39	90.7694	70.072	15.7395	42.8172	32.0069	0.13	0.16	40387.348	24807.6644	16291.8857	1962825.1128	1205652.4898
300595.SZ	20191128	51.31	1.3423	2.0438	0.59	95.8308	73.9793	16.6172	45.2047	33.7916	0.13	0.15	40387.348	24807.6644	16291.8857	2072274.8259	1272881.2604
300595.SZ	20191127	51.85	1.7937	2.7313	0.85	96.8394	74.7579	16.7921	45.6805	34.1473	0.12	0.15	40387.348	24807.6644	16291.8857	2094083.9938	1286277.3991
300595.SZ	20191126	52.31	2.2579	3.4382	1.13	97.6985	75.4211	16.941	46.0858	34.4502	0.12	0.15	40387.348	24807.6644	16291.8857	2112662.1739	1297688.9248
300595.SZ	20191125	52.86	2.7239	4.1477	1.62	98.7257	76.2141	17.1192	46.5703	34.8124	0.12	0.15	40387.348	24807.6644	16291.8857	2134875.2153	1311333.1402
300595.SZ	20191122	54.65	3.2214	4.9052	2.45	102.0689	78.795	17.6989	48.1473	35.9913	0.12	0.14	40387.348	24807.6644	16291.8857	2207168.5682	1355738.8595
300595.SZ	20191121	58.7	1.297	1.9749	0.91	109.633	84.6343	19.0105	51.7154	38.6585	0.11	0.13	40387.348	24807.6644	16291.8857	2370737.3276	1456209.9003
300595.SZ	20191120	58.69	1.0431	1.5883	0.6	109.6143	84.6199	19.0072	51.7066	38.6519	0.11	0.13	40387.348	24807.6644	16291.8857	2370333.4541	1455961.8236
300595.SZ	20191119	58.87	1.6829	2.5713	1.09	109.9505	84.8794	19.0655	51.8652	38.7705	0.11	0.13	40387.348	24807.6644	16236.2657	2377603.1768	1460427.2032
300595.SZ	20191118	58.15	1.1789	1.8013	0.79	108.6058	83.8413	18.8324	51.2309	38.2963	0.11	0.13	40387.348	24807.6644	16236.2657	2348524.2862	1442565.6849
300595.SZ	20191115	56.88	1.3644	2.0847	0.96	106.2338	82.0102	18.4211	50.112	37.4599	0.11	0.14	40387.348	24807.6644	16236.2657	2297232.3542	1411059.9511
300595.SZ	20191114	57.0	1.857	2.8374	1.49	106.4579	82.1832	18.4599	50.2177	37.5389	0.11	0.14	40387.348	24807.6644	16236.2657	2302078.836	1414036.8708
300595.SZ	20191113	55.35	2.6082	3.9852	2.7	103.3763	79.8042	17.9256	48.764	36.4523	0.12	0.14	40387.348	24807.6644	16236.2657	2235439.7118	1373104.2245
300595.SZ	20191112	51.98	0.7425	1.1345	0.74	97.0822	74.9453	16.8342	45.795	34.2329	0.12	0.15	40387.348	24807.6644	16236.2657	2099334.349	1289502.3955
300595.SZ	20191111	51.59	0.9357	1.4296	0.81	96.3538	74.383	16.7079	45.4514	33.976	0.13	0.15	40387.348	24807.6644	16236.2657	2083583.2833	1279827.4064
300595.SZ	20191108	52.29	0.9752	1.4901	0.8	97.6612	75.3923	16.9346	46.0681	34.437	0.12	0.15	40387.348	24807.6644	16236.2657	2111854.4269	1297192.7715
300595.SZ	20191107	53.0	0.9746	1.4892	0.78	98.9872	76.416	17.1645	46.6937	34.9046	0.12	0.15	40387.348	24807.6644	16236.2657	2140529.444	1314806.2132
300595.SZ	20191106	52.39	1.2025	1.8373	0.98	97.8479	75.5365	16.9669	46.1562	34.5029	0.12	0.15	40387.348	24807.6644	16236.2657	2115893.1617	1299673.5379
300595.SZ	20191105	52.65	0.9002	1.3754	0.7	98.3335	75.9114	17.0511	46.3853	34.6741	0.12	0.15	40387.348	24807.6644	16236.2657	2126393.8722	1306123.5307
300595.SZ	20191104	52.5	1.7209	2.6294	1.24	98.0534	75.6951	17.0026	46.2531	34.5753	0.12	0.15	40387.348	24807.6644	16236.2657	2120335.77	1302402.381
300595.SZ	20191101	50.79	1.3232	2.0218	0.99	94.8596	73.2296	16.4488	44.7466	33.4492	0.13	0.15	40387.348	24807.6644	16236.2657	2051273.4049	1259981.2749
300595.SZ	20191031	51.15	1.065	1.6273	0.73	95.532	73.7486	16.5654	45.0638	33.6863	0.13	0.15	40387.348	24807.6644	16236.2657	2065812.8502	1268912.0341
300595.SZ	20191030	50.44	1.1059	1.6898	0.63	94.2059	72.725	16.3354	44.4383	33.2187	0.13	0.15	40387.348	24807.6644	16236.2657	2037137.8331	1251298.5923
300595.SZ	20191029	50.42	1.2151	1.8566	0.66	94.1686	72.6961	16.3289	44.4206	33.2055	0.13	0.15	40387.348	24807.6644	16236.2657	2036330.0862	1250802.439
300595.SZ	20191028	50.1	2.2204	3.3925	1.1	93.5709	72.2347	16.2253	44.1387	32.9948	0.13	0.16	40387.348	24807.6644	16236.2657	2023406.1348	1242863.9864
300595.SZ	20191025	47.77	1.0644	1.6293	0.52	89.2192	77.3544	17.2314	42.086	35.2603	0.14	0.16	40387.348	24807.6644	16206.7307	1929303.614	1185062.1284
300595.SZ	20191024	47.47	1.6729	2.5607	0.89	88.6589	76.8686	17.1232	41.8217	35.0388	0.14	0.16	40387.348	24807.6644	16206.7307	1917187.4096	1177619.8291
300595.SZ	20191023	47.4	2.5772	3.945	1.52	88.5282	76.7552	17.0979	41.76	34.9872	0.14	0.16	40387.348	24807.6644	16206.7307	1914360.2952	1175883.2926
300595.SZ	20191022	49.6	1.6918	2.5896	1.02	92.6371	80.3177	17.8915	43.6982	36.611	0.13	0.16	40387.348	24807.6644	16206.7307	2003212.4608	1230460.1542
300595.SZ	20191021	49.5	3.0655	4.6923	2.36	92.4503	80.1558	17.8554	43.6101	36.5372	0.13	0.16	40387.348	24807.6644	16206.7307	1999173.726	1227979.3878
300595.SZ	20191018	52.18	1.2316	1.8851	0.99	97.4557	84.4955	18.8222	45.9712	38.5154	0.12	0.15	40387.348	24807.6644	16206.7307	2107411.8186	1294463.9284
300595.SZ	20191017	51.99	0.8409	1.2872	0.65	97.1009	84.1879	18.7536	45.8038	38.3751	0.12	0.15	40387.348	24807.6644	16206.7307	2099738.2225	1289750.4722
300595.SZ	20191016	52.08	1.6558	2.5345	1.44	97.2689	84.3336	18.7861	45.8831	38.4416	0.12	0.15	40387.348	24807.6644	16206.7307	2103373.0838	1291983.162
300595.SZ	20191015	51.0	1.4986	2.2939	1.33	95.2518	82.5847	18.3965	44.9316	37.6444	0.13	0.15	40387.348	24807.6644	16206.7307	2059754.748	1265190.8844
300595.SZ	20191014	51.9	1.2573	1.9246	1.04	96.9328	84.0421	18.7212	45.7245	38.3087	0.12	0.15	40387.348	24807.6644	16206.7307	2096103.3612	1287517.7824
300595.SZ	20191011	51.89	0.9724	1.4885	0.8	96.9141	84.0259	18.7176	45.7157	38.3013	0.12	0.15	40387.348	24807.6644	16206.7307	2095699.4877	1287269.7057
300595.SZ	20191010	52.03	1.1336	1.7352	0.9	97.1756	84.2526	18.7681	45.8391	38.4047	0.12	0.15	40387.348	24807.6644	16206.7307	2101353.7164	1290742.7787
300595.SZ	20191009	50.12	0.8951	1.3701	0.72	93.6083	81.1597	18.0791	44.1563	36.9949	0.13	0.16	40387.348	24807.6644	16206.7307	2024213.8818	1243360.1397
300595.SZ	20191008	50.1	1.3779	2.1092	1.16	93.5709	81.1274	18.0719	44.1387	36.9801	0.13	0.16	40387.348	24807.6644	16206.7307	2023406.1348	1242863.9864
300595.SZ	20190930	49.69	1.6528	2.53	1.57	92.8052	80.4634	17.924	43.7775	36.6775	0.13	0.16	40387.348	24807.6644	16206.7307	2006847.3221	1232692.844
300595.SZ	20190927	48.25	1.054	1.6134	0.97	90.1157	78.1316	17.4045	42.5088	35.6146	0.134	0.1612	40387.348	24807.6644	16206.7307	1948689.541	1196969.8073
300595.SZ	20190926	46.83	1.2859	1.9684	1.14	87.4636	75.8322	16.8923	41.2578	34.5664	0.138	0.1661	40387.348	24807.6644	16206.7307	1891339.5068	1161742.9239
300595.SZ	20190925	47.65	0.8578	1.3131	0.69	88.9951	77.1601	17.1881	41.9802	35.1717	0.1357	0.1632	40387.348	24807.6644	16206.7307	1924457.1322	1182085.2087
300595.SZ	20190924	48.1	1.0972	1.6795	0.84	89.8356	77.8887	17.3504	42.3767	35.5038	0.1344	0.1617	40387.348	24807.6644	16206.7307	1942631.4388	1193248.6576
300595.SZ	20190923	47.4	0.9589	1.4677	0.6	88.5282	76.7552	17.0979	41.76	34.9872	0.1364	0.1641	40387.348	24807.6644	16206.7307	1914360.2952	1175883.2926
300595.SZ	20190920	47.49	1.2309	1.8842	0.76	88.6963	76.901	17.1304	41.8393	35.0536	0.1361	0.1638	40387.348	24807.6644	16206.7307	1917995.1565	1178115.9824
300595.SZ	20190919	47.01	1.5082	2.3085	0.91	87.7998	76.1237	16.9573	41.4164	34.6993	0.1375	0.1654	40387.348	24807.6644	16206.7307	1898609.2295	1166208.3034
300595.SZ	20190918	45.5	1.455	2.2272	0.9	84.9796	73.6785	16.4126	40.0861	33.5847	0.1421	0.1709	40387.348	24807.6644	16206.7307	1837624.334	1128748.7302
300595.SZ	20190917	44.4	1.3578	2.0784	0.83	82.9251	71.8973	16.0158	39.1169	32.7728	0.1456	0.1752	40387.348	24807.6644	16206.7307	1793198.2512	1101460.2994
300595.SZ	20190916	44.51	2.3938	3.6642	1.78	83.1306	72.0754	16.0555	39.2139	32.854	0.1452	0.1747	40387.348	24807.6644	16206.7307	1797640.8595	1104189.1424
300595.SZ	20190912	44.98	1.3668	2.0922	0.91	84.0084	72.8365	16.225	39.6279	33.2009	0.1437	0.1729	40387.348	24807.6644	16206.7307	1816622.913	1115848.7447
300595.SZ	20190911	45.31	1.6891	2.5854	1.24	84.6247	73.3709	16.344	39.9187	33.4445	0.1427	0.1717	40387.348	24807.6644	16206.7307	1829950.7379	1124035.274
300595.SZ	20190910	45.8	1.2964	1.9844	0.96	85.5399	74.1643	16.5208	40.3504	33.8061	0.1411	0.1698	40387.348	24807.6644	16206.7307	1849740.5384	1136191.0295
300595.SZ	20190909	45.09	1.4006	2.1438	1.02	84.2138	73.0146	16.2647	39.7248	33.2821	0.1434	0.1725	40387.348	24807.6644	16206.7307	1821065.5213	1118577.5878
300595.SZ	20190906	44.0	0.9854	1.5083	0.68	82.1781	71.2496	15.8715	38.7645	32.4775	0.1469	0.1768	40387.348	24807.6644	16206.7307	1777043.312	1091537.2336
300595.SZ	20190905	44.0	2.18	3.337	1.81	82.1781	71.2496	15.8715	38.7645	32.4775	0.1469	0.1768	40387.348	24807.6644	16206.7307	1777043.312	1091537.2336
300595.SZ	20190904	45.1	0.9695	1.4839	0.6	84.2325	73.0308	16.2683	39.7337	33.2895	0.1433	0.1725	40387.348	24807.6644	16206.7307	1821469.3948	1118825.6644
300595.SZ	20190903	45.31	1.1945	1.8285	0.7	84.6247	73.3709	16.344	39.9187	33.4445	0.1427	0.1717	40387.348	24807.6644	16206.7307	1829950.7379	1124035.274
300595.SZ	20190902	44.35	1.5073	2.3072	0.93	82.8318	71.8163	15.9978	39.0729	32.7359	0.1457	0.1754	40387.348	24807.6644	16206.7307	1791178.8838	1100219.9161
300595.SZ	20190830	42.43	1.426	2.1827	0.87	79.2458	68.7073	15.3052	37.3814	31.3187	0.1523	0.1833	40387.348	24807.6644	16206.7307	1713635.1756	1052589.2005
300595.SZ	20190829	42.2	0.9156	1.4015	0.52	78.8162	68.3348	15.2222	37.1787	31.1489	0.1532	0.1843	40387.348	24807.6644	16206.7307	1704346.0856	1046883.4377
300595.SZ	20190828	42.56	3.0023	4.5957	1.91	79.4886	68.9178	15.3521	37.4959	31.4146	0.1519	0.1827	40387.348	24807.6644	16206.7307	1718885.5309	1055814.1969
300595.SZ	20190827	41.12	1.6631	2.5457	0.99	76.7991	71.8534	15.7733	36.2272	33.0665	0.1572	0.1891	40387.348	24809.1224	16208.1887	1660727.7498	1020151.1131
300595.SZ	20190826	40.35	1.131	1.7312	0.56	75.361	70.5079	15.4779	35.5488	32.4473	0.1602	0.1928	40387.348	24809.1224	16208.1887	1629629.4918	1001048.0888
300595.SZ	20190823	40.31	1.523	2.3311	0.8	75.2863	70.438	15.4626	35.5136	32.4152	0.1604	0.1929	40387.348	24809.1224	16208.1887	1628013.9979	1000055.7239
300595.SZ	20190822	39.75	1.5011	2.2977	0.84	74.2404	69.4594	15.2477	35.0202	31.9649	0.1626	0.1957	40387.348	24809.1224	16208.1887	1605397.083	986162.6154
300595.SZ	20190821	40.19	2.0602	3.1535	1.36	75.0622	70.2283	15.4165	35.4079	32.3187	0.1608	0.1935	40387.348	24809.1224	16208.1887	1623167.5161	997078.6293
300595.SZ	20190820	41.79	2.2112	3.3846	1.59	78.0505	73.0241	16.0303	36.8175	33.6053	0.1547	0.1861	40387.348	24809.1224	16208.1887	1687787.2729	1036773.2251
300595.SZ	20190819	39.83	2.7332	4.1835	2.32	74.3898	69.5992	15.2784	35.0907	32.0292	0.1623	0.1953	40387.348	24809.1224	16208.1887	1608628.0708	988147.3452
300595.SZ	20190816	40.98	0.9563	1.4638	0.74	76.5377	71.6087	15.7196	36.1039	32.954	0.1577	0.1898	40387.348	24809.1224	16208.1887	1655073.521	1016677.836
300595.SZ	20190815	40.25	0.975	1.4924	0.68	75.1743	70.3331	15.4395	35.4607	32.3669	0.1606	0.1932	40387.348	24809.1224	16208.1887	1625590.757	998567.1766
300595.SZ	20190814	39.93	0.698	1.0684	0.45	74.5766	69.774	15.3168	35.1788	32.1096	0.1619	0.1948	40387.348	24809.1224	16208.1887	1612666.8056	990628.2574
300595.SZ	20190813	39.88	1.6024	2.4527	1.11	74.4832	69.6866	15.2976	35.1348	32.0694	0.1621	0.195	40387.348	24809.1224	16208.1887	1610647.4382	989387.8013
300595.SZ	20190812	39.6	1.6543	2.5321	1.28	73.9603	69.1973	15.1902	34.8881	31.8442	0.1632	0.1964	40387.348	24809.1224	16208.1887	1599338.9808	982441.247
300595.SZ	20190809	37.85	1.5337	2.3476	1.31	70.6918	66.1394	14.5189	33.3463	30.437	0.1708	0.2055	40387.348	24809.1224	16208.1887	1528661.1218	939025.2828
300595.SZ	20190808	37.54	1.6897	2.5863	1.68	70.1128	65.5977	14.4	33.0732	30.1877	0.1722	0.2072	40387.348	24809.1224	16208.1887	1516141.0439	931334.4549
300595.SZ	20190807	37.07	1.3373	2.0469	1.61	69.235	64.7764	14.2197	32.6591	29.8097	0.1744	0.2098	40387.348	24809.1224	16208.1887	1497158.9904	919674.1674
300595.SZ	20190806	35.78	1.0186	1.5591	1.24	66.8257	62.5222	13.7249	31.5226	28.7724	0.1807	0.2174	40387.348	24809.1224	16208.1887	1445059.3114	887670.3995
300595.SZ	20190805	36.16	0.8732	1.3365	0.91	67.5354	63.1862	13.8706	31.8574	29.078	0.1788	0.2151	40387.348	24809.1224	16208.1887	1460406.5037	897097.866
300595.SZ	20190802	36.94	0.9154	1.4012	0.93	68.9922	64.5492	14.1698	32.5446	29.7052	0.175	0.2106	40387.348	24809.1224	16208.1887	1491908.6351	916448.9815
300595.SZ	20190801	36.63	0.8938	1.3681	0.83	68.4132	64.0075	14.0509	32.2715	29.4559	0.1765	0.2123	40387.348	24809.1224	16208.1887	1479388.5572	908758.1535
300595.SZ	20190731	36.7	0.4616	0.7066	0.36	68.544	64.1298	14.0778	32.3332	29.5122	0.1761	0.2119	40387.348	24809.1224	16208.1887	1482215.6716	910494.7921
300595.SZ	20190730	36.95	0.9542	1.4605	0.77	69.0109	64.5667	14.1737	32.5534	29.7132	0.1749	0.2105	40387.348	24809.1224	16208.1887	1492312.5086	916697.0727
300595.SZ	20190729	36.35	1.555	2.3801	1.41	67.8903	63.5182	13.9435	32.0248	29.2307	0.1778	0.214	40387.348	24809.1224	16208.1887	1468080.0998	901811.5992
300595.SZ	20190726	37.3	1.0577	1.619	1.04	69.6646	65.1783	14.3079	32.8618	29.9947	0.1733	0.2085	40387.348	24809.1224	16208.1887	1506448.0804	925380.2655
300595.SZ	20190725	36.73	1.3408	2.0523	1.45	68.6	64.1823	14.0893	32.3596	29.5363	0.176	0.2118	40387.348	24809.1224	16208.1887	1483427.292	911239.0658
300595.SZ	20190724	35.58	1.5	2.2959	1.89	66.4522	62.1727	13.6482	31.3464	28.6116	0.1817	0.2186	40387.348	24809.1224	16208.1887	1436981.8418	882708.575
300595.SZ	20190723	34.38	0.7176	1.0984	0.81	64.211	60.0759	13.1879	30.2892	27.6466	0.188	0.2262	40387.348	24809.1224	16208.1887	1388517.0242	852937.6281
300595.SZ	20190722	34.36	0.9141	1.3992	0.81	64.1736	60.0409	13.1802	30.2716	27.6305	0.1881	0.2264	40387.348	24809.1224	16208.1887	1387709.2773	852441.4457
300595.SZ	20190719	35.02	0.61	0.9337	0.37	65.4063	61.1942	13.4334	30.8531	28.1612	0.1846	0.2221	40387.348	24809.1224	16208.1887	1414364.927	868815.4664
300595.SZ	20190718	35.0	0.8867	1.3573	0.5	65.3689	61.1593	13.4257	30.8354	28.1452	0.1847	0.2222	40387.348	24809.1224	16208.1887	1413557.18	868319.284
300595.SZ	20190717	34.9	0.8403	1.2861	0.43	65.1821	60.9845	13.3873	30.7473	28.0647	0.1852	0.2229	40387.348	24809.1224	16208.1887	1409518.4452	865838.3718
300595.SZ	20190716	34.8	1.1592	1.7744	0.58	64.9954	60.8098	13.349	30.6592	27.9843	0.1857	0.2235	40387.348	24809.1224	16208.1887	1405479.7104	863357.4595
300595.SZ	20190715	35.45	2.1143	3.2363	0.94	66.2094	61.9456	13.5983	31.2319	28.507	0.1823	0.2194	40387.348	24809.1224	16208.1887	1431731.4866	879483.3891
300595.SZ	20190712	35.49	3.1818	4.8703	1.43	66.2841	62.0155	13.6136	31.2671	28.5392	0.1821	0.2192	40387.348	24809.1224	16208.1887	1433346.9805	880475.754
300595.SZ	20190711	33.22	1.6583	2.5382	0.58	62.0444	58.0489	12.7429	29.2672	26.7138	0.1946	0.2341	40387.348	24809.1224	16208.1887	1341667.7006	824159.0461
300595.SZ	20190710	34.22	1.6451	2.5181	0.57	63.9121	59.7963	13.1265	30.1482	27.5179	0.1889	0.2273	40387.348	24809.1224	16208.1887	1382055.0486	848968.1685
300595.SZ	20190709	33.6	1.4788	2.2635	0.46	62.7542	58.7129	12.8887	29.602	27.0193	0.1924	0.2315	40387.348	24809.1224	16208.1887	1357014.8928	833586.5126
300595.SZ	20190708	33.7	3.2402	4.9596	0.99	62.9409	58.8876	12.927	29.6901	27.0998	0.1918	0.2308	40387.348	24809.1224	16208.1887	1361053.6276	836067.4249
300595.SZ	20190705	35.9	3.1145	4.7672	0.8	67.0498	62.7319	13.7709	31.6283	28.8689	0.1801	0.2167	40387.348	24809.1224	16208.1887	1449905.7932	890647.4942
300595.SZ	20190704	33.91	4.8142	7.3689	1.5	63.3331	59.2546	13.0076	29.8751	27.2686	0.1906	0.2294	40387.348	24809.1224	16208.1887	1369534.9707	841277.3406
300595.SZ	20190703	37.38	1.8844	2.8844	0.59	69.814	65.3181	14.3386	32.9322	30.059	0.1729	0.2081	40387.348	24809.1224	16208.1887	1509679.0682	927364.9953
300595.SZ	20190702	38.25	2.8627	4.3818	0.99	71.4389	66.8383	14.6724	33.6987	30.7586	0.169	0.2033	40387.348	24809.1224	16208.1887	1544816.061	948948.9318
300595.SZ	20190701	36.38	3.7713	5.7725	1.64	67.9463	63.5707	13.955	32.0512	29.2549	0.1777	0.2138	40387.348	24809.1224	16208.1887	1469291.7202	902555.8729
300595.SZ	20190628	35.6	6.1596	9.4282	4.5	66.4895	62.2077	13.6558	31.364	28.6276	0.18	0.22	40387.348	24809.1224	16208.1887	1437789.5888	883204.7574
300595.SZ	20190627	39.55	1.3813	2.1143	1.01	73.8669	69.11	15.171	34.844	31.804	0.16	0.2	40387.348	24809.1224	16208.1887	1597319.6134	981200.7909
300595.SZ	20190626	39.53	1.8723	2.8659	1.45	73.8295	69.075	15.1634	34.8264	31.7879	0.16	0.2	40387.348	24809.1224	16208.1887	1596511.8664	980704.6085
300595.SZ	20190625	37.8	1.262	1.9317	1.03	70.5984	66.052	14.4997	33.3023	30.3968	0.17	0.21	40387.348	24809.1224	16208.1887	1526641.7544	937784.8267
300595.SZ	20190624	38.03	0.7966	1.2193	0.55	71.028	66.4539	14.588	33.5049	30.5817	0.17	0.2	40387.348	24809.1224	16208.1887	1535930.8444	943490.9249
300595.SZ	20190621	38.27	1.5353	2.3501	1.09	71.4762	66.8733	14.68	33.7163	30.7747	0.17	0.2	40387.348	24809.1224	16208.1887	1545623.808	949445.1142
300595.SZ	20190620	39.05	1.4052	2.1509	0.98	72.933	68.2362	14.9792	34.4035	31.4019	0.17	0.2	40387.348	24809.1224	16208.1887	1577125.9394	968796.2297
300595.SZ	20190619	37.75	1.4579	2.2316	1.1	70.505	65.9646	14.4806	33.2582	30.3566	0.17	0.21	40387.348	24809.1224	16208.1887	1524622.387	936544.3706
300595.SZ	20190618	37.46	0.909	1.3913	0.64	69.9634	65.4579	14.3693	33.0027	30.1234	0.17	0.21	40387.348	24809.1224	16208.1887	1512910.0561	929349.7251
300595.SZ	20190617	37.11	1.8772	2.8734	1.39	69.3097	64.8463	14.2351	32.6944	29.8419	0.17	0.21	40387.348	24809.1224	16208.1887	1498774.4843	920666.5323
300595.SZ	20190614	37.37	1.4138	2.164	1.06	69.7953	65.3006	14.3348	32.9234	30.051	0.17	0.21	40387.348	24809.1224	16208.1887	1509275.1948	927116.9041
300595.SZ	20190613	37.9	1.4838	2.2712	1.04	70.7852	66.2267	14.5381	33.3904	30.4772	0.17	0.21	40387.348	24809.1224	16208.1887	1530680.4892	940265.739
300595.SZ	20190612	36.3	0.961	1.4709	0.65	67.7969	63.4309	13.9244	31.9807	29.1905	0.18	0.21	40387.348	24809.1224	16208.1887	1466060.7324	900571.1431
300595.SZ	20190611	36.09	1.3459	2.0602	0.83	67.4047	63.0639	13.8438	31.7957	29.0217	0.18	0.22	40387.348	24809.1224	16208.1887	1457579.3893	895361.2274
300595.SZ	20190610	35.23	1.5265	2.3365	0.97	65.7985	61.5612	13.5139	31.0381	28.3301	0.18	0.22	40387.348	24809.1224	16208.1887	1422846.27	874025.3822
300595.SZ	20190606	33.85	1.3355	2.0442	0.79	63.2211	59.1497	12.9846	29.8223	27.2204	0.19	0.23	40387.348	24809.1224	16208.1887	1367111.7298	839788.7932
300595.SZ	20190605	34.14	1.9935	3.0513	1.21	63.7627	59.6565	13.0958	30.0778	27.4536	0.19	0.23	40387.348	24809.1224	16208.1887	1378824.0607	846983.4387
300595.SZ	20190604	34.3	1.1381	1.742	0.6	64.0615	59.9361	13.1572	30.2187	27.5822	0.19	0.23	40387.348	24809.1224	16208.1887	1385286.0364	850952.8983
300595.SZ	20190603	34.9	2.1255	3.2535	1.24	65.1821	60.9845	13.3873	30.7473	28.0647	0.19	0.22	40387.348	24809.1224	16208.1887	1409518.4452	865838.3718
300595.SZ	20190531	35.1	1.2636	1.9341	0.75	65.5557	61.334	13.464	30.9235	28.2256	0.18	0.22	40387.348	24809.1224	16208.1887	1417595.9148	870800.1962
300595.SZ	20190530	35.7	1.9332	2.9591	1.25	66.6763	62.3824	13.6942	31.4521	28.7081	0.18	0.22	40387.348	24809.1224	16208.1887	1441828.3236	885685.6697
300595.SZ	20190529	34.4	1.8049	2.7627	1.22	64.2483	60.1108	13.1955	30.3068	27.6627	0.19	0.23	40387.348	24809.1224	16208.1887	1389324.7712	853433.8106
300595.SZ	20190528	34.0	2.4037	3.6793	1.82	63.5012	59.4118	13.0421	29.9544	27.341	0.19	0.23	40387.348	24809.1224	16208.1887	1373169.832	843510.1616
300595.SZ	20190527	32.4	1.1576	1.7719	0.75	60.5129	56.616	12.4283	28.5448	26.0544	0.2	0.24	40387.348	24809.1224	16208.1887	1308550.0752	803815.5658
300595.SZ	20190524	31.22	1.1261	1.7237	0.67	58.3091	54.5541	11.9757	27.5052	25.1055	0.21	0.46	40387.348	24809.1224	16208.1887	1260893.0046	774540.8013
300595.SZ	20190523	31.94	1.2663	1.9383	0.79	59.6538	55.8122	12.2519	28.1395	25.6845	0.2	0.45	40387.348	24809.1224	16208.1887	1289971.8951	792403.3695
300595.SZ	20190522	32.0	1.4334	2.194	0.94	59.7659	55.917	12.2749	28.1924	25.7327	0.2	0.45	40387.348	24809.1224	16208.1887	1292395.136	793891.9168
300595.SZ	20190521	32.37	1.6109	2.4657	1.12	60.4569	56.5636	12.4168	28.5184	26.0302	0.2	0.44	40387.348	24809.1224	16208.1887	1307338.4548	803071.2921
300595.SZ	20190520	31.7	2.24	3.4287	1.86	59.2056	55.3928	12.1598	27.9281	25.4915	0.2	0.45	40387.348	24809.1224	16208.1887	1280278.9316	786449.1801
300595.SZ	20190517	31.96	1.8849	2.8852	1.78	59.6912	55.8471	12.2596	28.1572	25.7005	0.2	0.45	40387.348	24809.1224	16208.1887	1290779.6421	792899.5519
300595.SZ	20190516	58.45	1.5254	2.3349	0.72	60.6478	56.7422	12.0952	28.6084	26.1124	0.2	0.2	22437.4156	13782.8458	9004.5493	1311466.9418	805607.337
300595.SZ	20190515	59.5	1.9031	2.913	0.93	61.7373	57.7615	12.3125	29.1224	26.5815	0.2	0.2	22437.4156	13782.8458	9004.5493	1335026.2282	820079.3251
300595.SZ	20190514	58.42	2.0545	3.1447	1.04	60.6167	56.7131	12.089	28.5937	26.099	0.2	0.2	22437.4156	13782.8458	9004.5493	1310793.8194	805193.8516
300595.SZ	20190513	58.31	1.9432	2.9744	0.94	60.5026	56.6063	12.0662	28.5399	26.0499	0.2	0.2	22437.4156	13782.8458	9004.5493	1308325.7036	803677.7386
300595.SZ	20190510	56.79	2.1294	3.2595	1.17	58.9254	55.1307	11.7517	27.7959	25.3708	0.2	0.2	22437.4156	13782.0358	9003.7393	1274220.8319	782681.8131
300595.SZ	20190509	52.42	2.5894	3.9637	1.49	54.3911	50.8884	10.8474	25.657	23.4186	0.22	0.22	22437.4156	13782.0358	9003.7393	1176169.3258	722454.3166
300595.SZ	20190508	53.66	1.4647	2.242	0.77	55.6777	52.0921	11.104	26.264	23.9725	0.22	0.22	22437.4156	13782.0358	9003.7393	1203991.7211	739544.041
300595.SZ	20190507	54.49	1.7439	2.6694	0.82	56.5389	52.8979	11.2757	26.6702	24.3433	0.21	0.21	22437.4156	13782.0358	9003.7393	1222614.776	750983.1307
300595.SZ	20190506	56.28	2.403	3.6782	1.32	58.3962	54.6356	11.6461	27.5463	25.143	0.21	0.21	22437.4156	13782.0358	9003.7393	1262777.75	775652.9748
300595.SZ	20190430	57.81	0.925	1.4159	0.48	59.9838	56.1209	11.9628	28.2952	25.8265	0.2	0.2	22437.4156	13782.0358	9003.7393	1297106.9958	796739.4896
300595.SZ	20190429	58.18	2.1707	3.3228	1.27	60.3677	56.4801	12.0393	28.4763	25.9918	0.2	0.2	22437.4156	13782.0358	9003.7393	1305408.8396	801838.8428
300595.SZ	20190426	57.83	2.2301	3.4136	1.5	60.0045	56.1403	11.9669	28.305	25.8355	0.2	0.2	22437.4156	13782.0358	9003.7393	1297555.7441	797015.1303
300595.SZ	20190425	57.22	2.9014	4.4411	2.38	59.3716	55.5481	11.8407	28.0064	25.5629	0.2	0.2	22437.4156	13782.0358	9003.7393	1283868.9206	788608.0885
300595.SZ	20190424	55.0	0.9093	1.3919	0.67	57.0681	57.0681	12.0517	26.9198	26.9198	0.21	0.21	22437.4156	13782.0358	9003.7393	1234057.858	758011.969
300595.SZ	20190423	55.03	1.3931	2.1324	0.97	57.0992	57.0992	12.0583	26.9345	26.9345	0.21	0.21	22437.4156	13782.0358	9003.7393	1234730.9805	758425.4301
300595.SZ	20190422	53.8	1.1109	1.7005	0.71	55.823	55.823	11.7888	26.3325	26.3325	0.22	0.22	22437.4156	13782.0358	9003.7393	1207132.9593	741473.526
300595.SZ	20190419	53.95	1.1038	1.6896	0.68	55.9786	55.9786	11.8217	26.4059	26.4059	0.22	0.22	22437.4156	13782.0358	9003.7393	1210498.5716	743540.8314
300595.SZ	20190418	54.57	1.5843	2.4251	0.72	56.6219	56.6219	11.9575	26.7094	26.7094	0.21	0.21	22437.4156	13782.0358	9003.7393	1224409.7693	752085.6936
300595.SZ	20190417	53.35	1.5548	2.38	0.66	55.3561	55.3561	11.6902	26.1122	26.1122	0.22	0.22	22437.4156	13782.0358	9003.7393	1197036.1223	735271.6099
300595.SZ	20190416	52.86	1.8634	2.8523	0.78	54.8476	54.8476	11.5828	25.8724	25.8724	0.22	0.22	22437.4156	13782.0358	9003.7393	1186041.7886	728518.4124
300595.SZ	20190415	52.55	1.7462	2.6729	0.65	54.526	54.526	11.5149	25.7207	25.7207	0.22	0.22	22437.4156	13782.0358	9003.7393	1179086.1898	724245.9813
300595.SZ	20190412	53.11	1.3829	2.1168	0.45	55.107	55.107	11.6376	25.9948	25.9948	0.22	0.22	22437.4156	13782.0358	9003.7393	1191651.1425	731963.9213
300595.SZ	20190411	52.78	4.5278	6.9307	1.53	54.7646	54.7646	11.5653	25.8332	25.8332	0.22	0.22	22437.4156	13782.0358	9003.7393	1184246.7954	727415.8495
300595.SZ	20190410	57.08	2.2657	3.4681	0.79	59.2263	59.2263	12.5075	27.9379	27.9379	0.2	0.2	22437.4156	13782.0358	9003.7393	1280727.6824	786678.6035
300595.SZ	20190409	55.47	1.9631	3.0049	0.69	57.5558	57.5558	12.1547	27.1499	27.1499	0.21	0.21	22437.4156	13782.0358	9003.7393	1244603.4433	764489.5258
300595.SZ	20190408	55.0	3.2004	4.8988	1.24	57.0681	57.0681	12.0517	26.9198	26.9198	0.21	0.21	22437.4156	13782.0358	9003.7393	1234057.858	758011.969
300595.SZ	20190404	56.89	3.3755	5.1668	1.55	59.0292	59.0292	12.4659	27.8449	27.8449	0.2	0.2	22437.4156	13782.0358	9003.7393	1276464.5735	784060.0167
300595.SZ	20190403	57.0	4.0164	6.148	2.15	59.1433	59.1433	12.49	27.8987	27.8987	0.2	0.2	22437.4156	13782.0358	9003.7393	1278932.6892	785576.0406
300595.SZ	20190402	61.2	1.7877	2.7364	0.93	91.0236	63.6189	13.4198	44.0642	29.7456	0.19	0.19	22437.4156	13782.0358	9003.7393	1373169.8347	843460.591
300595.SZ	20190401	60.5	1.8141	2.7769	0.88	89.9825	62.8912	13.2663	43.5602	29.4053	0.19	0.19	22437.4156	13782.0358	9003.7393	1357463.6438	833813.1659
300595.SZ	20190329	58.27	1.9378	2.9662	0.95	86.6657	60.5731	12.7773	41.9546	28.3215	0.1997	0.1997	22437.4156	13782.0358	9003.7393	1307428.207	803079.2261
300595.SZ	20190328	54.8	1.3321	2.0391	0.62	81.5048	56.9659	12.0164	39.4562	26.6349	0.2123	0.2123	22437.4156	13782.0358	9003.7393	1229570.3749	755255.5618
300595.SZ	20190327	56.19	2.4571	3.7611	1.13	83.5721	58.4109	12.3212	40.457	27.3105	0.2071	0.2071	22437.4156	13782.0358	9003.7393	1260758.3826	774412.5916
300595.SZ	20190326	53.0	2.1021	3.2178	1.02	78.8276	55.0948	11.6217	38.1602	25.76	0.2195	0.2195	22437.4156	13782.0358	9003.7393	1189183.0268	730447.8974
300595.SZ	20190325	52.4	2.4279	3.7164	1.17	77.9352	54.4711	11.4902	37.7282	25.4684	0.222	0.222	22437.4156	13782.0358	9003.7393	1175720.5774	722178.6759
300595.SZ	20190322	51.99	1.8877	2.8894	0.93	77.3254	54.0449	11.4003	37.433	25.2691	0.2238	0.2238	22437.4156	13782.0358	9003.7393	1166521.237	716528.0412
300595.SZ	20190321	51.55	1.9179	2.9358	0.93	76.671	53.5875	11.3038	37.1162	25.0553	0.2257	0.2257	22437.4156	13782.0358	9003.7393	1156648.7742	710463.9455
300595.SZ	20190320	52.37	2.5374	3.884	1.29	77.8906	54.4399	11.4836	37.7066	25.4538	0.2222	0.2222	22437.4156	13782.0358	9003.7393	1175047.455	721765.2148
300595.SZ	20190319	53.14	1.4984	2.2935	0.66	79.0358	55.2403	11.6524	38.261	25.8281	0.2189	0.2189	22437.4156	13782.0358	9003.7393	1192324.265	732377.3824
300595.SZ	20190318	54.4	2.575	3.9415	1.05	80.9098	56.5501	11.9287	39.1682	26.4405	0.2139	0.2139	22437.4156	13782.0358	9003.7393	1220595.4086	749742.7475
300595.SZ	20190315	51.51	1.6483	2.5231	0.6	76.6115	53.5459	11.295	37.0874	25.0359	0.2259	0.2259	22437.4156	13782.0358	9003.7393	1155751.2776	709912.6641
300595.SZ	20190314	51.49	2.0569	3.1485	0.73	76.5818	53.5251	11.2906	37.073	25.0261	0.226	0.226	22437.4156	13782.0358	9003.7393	1155302.5292	709637.0233
300595.SZ	20190313	50.48	2.0862	3.1934	0.72	75.0796	52.4752	11.0692	36.3458	24.5352	0.2305	0.2305	22437.4156	13782.0358	9003.7393	1132640.7395	695717.1672
300595.SZ	20190312	50.74	3.0399	4.6532	1.13	75.4663	52.7455	11.1262	36.533	24.6616	0.2293	0.2293	22437.4156	13782.0358	9003.7393	1138474.4675	699300.4965
300595.SZ	20190311	52.19	3.439	5.2641	1.38	77.6229	54.2528	11.4441	37.577	25.3664	0.2229	0.2229	22437.4156	13782.0358	9003.7393	1171008.7202	719284.4484
300595.SZ	20190308	47.74	3.072	4.7023	1.43	71.0043	49.6269	10.4683	34.373	23.2035	0.2437	0.2437	22437.4156	13782.0358	9003.7393	1071162.2207	657954.3891
300595.SZ	20190307	47.3	2.5004	3.8274	1.15	70.3499	49.1695	10.3719	34.0562	22.9896	0.246	0.246	22437.4156	13782.0358	9003.7393	1061289.7579	651890.2933
300595.SZ	20190306	47.91	2.4501	3.7504	1.04	71.2572	49.8036	10.5056	34.4954	23.2861	0.2429	0.2429	22437.4156	13782.0358	9003.7393	1074976.5814	660297.3352
300595.SZ	20190305	49.22	1.9691	3.0141	0.66	73.2056	51.1654	10.7929	35.4386	23.9228	0.2364	0.2364	22437.4156	13782.0358	9003.7393	1104369.5958	678351.8021
300595.SZ	20190304	49.3	2.4869	3.8465	0.79	73.3245	51.2486	10.8104	35.4962	23.9617	0.236	0.236	22437.4156	13782.0358	8910.4093	1106164.5891	679454.3649
300595.SZ	20190301	47.55	1.3323	2.0607	0.42	70.7217	49.4294	10.4267	34.2362	23.1111	0.2447	0.2447	22437.4156	13782.0358	8910.4093	1066899.1118	655335.8023
300595.SZ	20190228	47.35	2.6799	4.1451	0.9	70.4243	49.2215	10.3828	34.0922	23.0139	0.2457	0.2457	22437.4156	13782.0358	8910.4093	1062411.6287	652579.3951
300595.SZ	20190227	46.92	3.2732	5.0628	1.2	69.7847	48.7745	10.2885	33.7826	22.8049	0.248	0.248	22437.4156	13782.0358	8910.4093	1052763.54	646653.1197
300595.SZ	20190226	46.0	5.209	8.0569	2.35	68.4164	47.8181	10.0868	33.1202	22.3578	0.2529	0.2529	22437.4156	13782.0358	8910.4093	1032121.1176	633973.6468
300595.SZ	20190225	42.02	3.2319	4.9989	1.45	62.4969	46.3162	9.7327	30.2546	22.4796	0.2769	0.2769	22437.4156	13782.0358	8910.4093	942820.2035	579121.1443
300595.SZ	20190222	40.81	1.572	2.4315	0.71	60.6973	44.9825	9.4524	29.3834	21.8323	0.2851	0.2851	22437.4156	13782.0358	8910.4093	915670.9306	562444.881
300595.SZ	20190221	40.55	1.6543	2.5588	0.76	60.3106	44.6959	9.3922	29.1962	21.6932	0.2869	0.2869	22437.4156	13782.0358	8910.4093	909837.2026	558861.5517
300595.SZ	20190220	40.68	1.9267	2.9801	0.9	60.5039	44.8392	9.4223	29.2898	21.7627	0.286	0.286	22437.4156	13782.0358	8910.4093	912754.0666	560653.2163
300595.SZ	20190219	41.45	2.7199	4.207	1.44	61.6491	45.6879	9.6007	29.8442	22.1747	0.2807	0.2807	22437.4156	13782.0358	8910.4093	930030.8766	571265.3839
300595.SZ	20190218	42.65	3.2927	5.093	2.26	63.4339	47.0106	9.8786	30.7082	22.8166	0.2728	0.2728	22437.4156	13782.0358	8910.4093	956955.7753	587803.8269
300595.SZ	20190215	40.25	1.4122	2.1843	0.95	59.8644	44.3652	9.3227	28.9802	21.5327	0.2891	0.2891	22437.4156	13782.0358	8910.4093	903105.9779	554726.941
300595.SZ	20190214	41.17	1.4975	2.3162	1.04	61.2327	45.3793	9.5358	29.6426	22.0249	0.2826	0.2826	22437.4156	13782.0358	8910.4093	923748.4003	567406.4139
300595.SZ	20190213	40.6	1.7911	2.7704	1.25	60.3849	44.751	9.4038	29.2322	21.7199	0.2866	0.2866	22437.4156	13782.0358	8910.4093	910959.0734	559550.6535
300595.SZ	20190212	40.18	1.4405	2.228	0.97	59.7602	44.2881	9.3065	28.9298	21.4952	0.2896	0.2896	22437.4156	13782.0358	8910.4093	901535.3588	553762.1984
300595.SZ	20190211	40.0	1.1498	1.7784	0.78	59.4925	44.0897	9.2648	28.8002	21.399	0.2909	0.2909	22437.4156	13782.0358	8910.4093	897496.624	551281.432
300595.SZ	20190201	38.8	1.5169	2.3462	1.08	57.7078	42.767	8.9869	27.9362	20.757	0.2999	0.2999	22437.4156	13782.0358	8910.4093	870571.7253	534742.989
300595.SZ	20190131	37.66	1.2991	2.0097	0.97	56.0122	41.5104	8.7228	27.1153	20.1471	0.3089	0.3089	22437.4156	13782.0358	8908.9093	844993.0715	519031.4682
300595.SZ	20190130	37.33	1.7551	2.7152	1.42	55.5214	41.1467	8.6464	26.8777	19.9706	0.3117	0.3117	22437.4156	13782.0358	8908.9093	837588.7243	514483.3964
300595.SZ	20190129	36.77	1.7278	2.6728	1.57	54.6885	40.5294	8.5167	26.4745	19.671	0.3164	0.3164	22437.4156	13782.0358	8908.9093	825023.7716	506765.4564
300595.SZ	20190128	37.76	1.1046	1.7087	0.93	56.161	41.6206	8.746	27.1873	20.2006	0.3081	0.3081	22437.4156	13782.0358	8908.9093	847236.8131	520409.6718
300595.SZ	20190125	38.39	1.1379	1.7603	0.83	57.098	42.315	8.8919	27.641	20.5376	0.3031	0.3031	22437.4156	13782.0358	8908.9093	861372.3849	529092.3544
300595.SZ	20190124	37.94	0.9458	1.4632	0.65	56.4287	41.819	8.7877	27.3169	20.2969	0.3067	0.3067	22437.4156	13782.0358	8908.9093	851275.5479	522890.4383
300595.SZ	20190123	37.92	1.2704	1.9653	0.84	56.3989	41.797	8.783	27.3025	20.2862	0.3068	0.3068	22437.4156	13782.0358	8908.9093	850826.7996	522614.7975
300595.SZ	20190122	37.62	1.0512	1.6261	0.52	55.9527	41.4663	8.7135	27.0865	20.1257	0.3093	0.3093	22437.4156	13782.0358	8908.9093	844095.5749	518480.1868
300595.SZ	20190121	37.35	1.5651	2.4212	0.89	55.5512	41.1687	8.651	26.8921	19.9813	0.3115	0.3115	22437.4156	13782.0358	8908.9093	838037.4727	514759.0371
300595.SZ	20190118	37.52	2.0402	3.1562	1.38	55.804	41.3561	8.6904	27.0145	20.0722	0.3101	0.3101	22437.4156	13782.0358	8908.9093	841851.8333	517101.9832
300595.SZ	20190117	38.0	1.335	2.0653	0.96	56.5179	41.8852	8.8016	27.3601	20.329	0.3062	0.3062	22437.4156	13782.0358	8908.9093	852621.7928	523717.3604
300595.SZ	20190116	38.95	1.5637	2.419	1.09	57.9309	42.9323	9.0216	28.0442	20.8372	0.2987	0.2987	22437.4156	13782.0358	8908.9093	873937.3376	536810.2944
300595.SZ	20190115	37.8	3.5396	5.4758	4.18	56.2204	41.6647	8.7552	27.2161	20.222	0.3078	0.3078	22437.4156	13782.0358	8908.9093	848134.3097	520960.9532
300595.SZ	20190114	39.95	0.3414	0.5282	0.35	59.4182	44.0345	9.2532	28.7642	21.3722	0.2912	0.2912	22437.4156	13782.0358	8908.9093	896374.7532	550592.3302
300595.SZ	20190111	40.19	0.6355	0.9831	0.55	59.7751	44.2991	9.3088	28.937	21.5006	0.2895	0.2895	22437.4156	13782.0358	8908.9093	901759.733	553900.0188
300595.SZ	20190110	40.0	0.8429	1.304	0.74	59.4925	44.0897	9.2648	28.8002	21.399	0.2909	0.2909	22437.4156	13782.0358	8908.9093	897496.624	551281.432
300595.SZ	20190109	40.5	1.8463	2.8562	1.94	60.2362	44.6408	9.3806	29.1602	21.6664	0.2873	0.2873	22437.4156	13782.0358	8908.9093	908715.3318	558172.4499
300595.SZ	20190108	39.91	0.5678	0.8784	0.55	59.3587	43.9905	9.244	28.7354	21.3508	0.2915	0.2915	22437.4156	13782.0358	8908.9093	895477.2566	550041.0488
300595.SZ	20190107	40.23	1.052	1.6274	1.12	59.8346	44.3432	9.3181	28.9658	21.522	0.2892	0.2892	22437.4156	13782.0358	8908.9093	902657.2296	554451.3002
300595.SZ	20190104	39.9	1.4501	2.2433	1.81	59.3438	43.9794	9.2416	28.7282	21.3455	0.2916	0.2916	22437.4156	13782.0358	8908.9093	895252.8824	549903.2284
300595.SZ	20190103	38.05	0.7983	1.2349	0.77	56.5923	41.9403	8.8131	27.3961	20.3558	0.3058	0.3058	22437.4156	13782.0358	8908.9093	853743.6636	524406.4622
300595.SZ	20190102	37.6	0.89	1.3769	0.77	55.923	41.4443	8.7089	27.0721	20.115	0.3094	0.3094	22437.4156	13782.0358	8908.9093	843646.8266	518204.5461
