,ts_code,trade_date,open,high,low,close,pre_close,change,pct_chg,vol,amount,EMA10,turnoverrate10,volatilityratio10
0,600000.SH,20201014,9.54,9.56,9.5,9.53,9.54,-0.01,-0.1048,429692.17,409511.68200000003,9.554007399946828,0.0013662,13.001397479214347
1,600000.SH,20201013,9.58,9.59,9.52,9.54,9.59,-0.05,-0.5214,280590.97,267595.711,9.559342377298377,0.0014445,14.426907240983072
2,600000.SH,20201012,9.45,9.63,9.42,9.59,9.42,0.17,1.8047,666716.37,637356.691,9.563640683281797,0.0015397,14.831562474749743
3,600000.SH,20201009,9.44,9.48,9.4,9.42,9.39,0.03,0.3195,397726.87,375559.36600000004,9.557783057178655,0.001637,12.256930426803377
4,600000.SH,20200930,9.45,9.49,9.35,9.39,9.43,-0.04,-0.4242,390068.07,367745.38899999997,9.588401514660998,0.0016486,11.576431357259892
5,600000.SH,20200929,9.5,9.52,9.43,9.43,9.46,-0.03,-0.3171,329882.66,312583.585,9.632490739809688,0.0016911,11.835317282889777
6,600000.SH,20200928,9.49,9.53,9.46,9.46,9.47,-0.01,-0.1056,262578.27,249063.48899999997,9.67748868174097,0.0017375,11.81693232310123
7,600000.SH,20200925,9.5,9.53,9.46,9.47,9.5,-0.03,-0.3158,294875.05,279750.442,9.725819499988512,0.0017804,11.747069935233117
8,600000.SH,20200924,9.61,9.62,9.46,9.5,9.63,-0.13,-1.3499,538587.39,512493.256,9.782668277515087,0.0018501,11.724632287461123
9,600000.SH,20200923,9.71,9.72,9.62,9.63,9.7,-0.07,-0.7216,419095.87,404393.34,9.845483450710633,0.0018512,10.650416998243655
10,600000.SH,20200922,9.81,9.84,9.69,9.7,9.84,-0.14,-1.4228,659520.98,643194.1460000001,9.893368662394078,0.0018768,10.48589473466157
11,600000.SH,20200921,9.94,9.97,9.83,9.84,9.94,-0.1,-1.006,559987.16,553037.614,9.936339476010781,0.0018326,9.158438946566891
12,600000.SH,20200918,9.84,9.94,9.8,9.94,9.83,0.11,1.119,952305.81,941630.5079999999,9.957748248291855,0.0018413,8.290829767850306
13,600000.SH,20200917,9.87,9.89,9.8,9.83,9.86,-0.03,-0.3043,431716.75,424496.71200000006,9.96169230313629,0.0016479,4.689460352479657
14,600000.SH,20200916,9.87,9.9,9.8,9.86,9.86,0.0,0.0,514706.57,507227.12899999996,9.990957259305915,0.0016461,4.927716927273562
15,600000.SH,20200915,9.91,9.92,9.85,9.86,9.9,-0.04,-0.40399999999999997,466015.49,459933.67799999996,10.020058872402126,0.0016728,5.845342542100339
16,600000.SH,20200914,9.95,9.95,9.86,9.9,9.92,-0.02,-0.2016,388512.3,384257.706,10.055627511045243,0.0017059,5.9758785752363455
17,600000.SH,20200911,9.95,9.96,9.85,9.92,9.96,-0.04,-0.4016,499476.42,494619.68,10.090211402222863,0.0018583,6.284698959470005
18,600000.SH,20200910,10.06,10.06,9.94,9.96,10.01,-0.05,-0.4995,541699.16,540727.381,10.12803615860392,0.0018772,10.17929599389083
19,600000.SH,20200909,10.01,10.08,10.0,10.01,10.05,-0.04,-0.39799999999999996,494185.0,496009.217,10.16537752693392,0.001801,10.1977375064972
20,600000.SH,20200908,10.07,10.09,10.01,10.05,10.01,0.04,0.3996,529725.4,532346.433,10.199905866666983,0.0017724,10.410549268110993
21,600000.SH,20200907,10.07,10.16,10.01,10.01,10.07,-0.06,-0.5958,585645.85,589509.231,10.233218281647636,0.00169689,9.62761294257714
22,600000.SH,20200904,10.07,10.15,10.01,10.07,10.12,-0.05,-0.4941,384439.82,387141.41799999995,10.282822343987352,0.0016659,9.58941573410673
23,600000.SH,20200903,10.19,10.23,10.11,10.12,10.18,-0.06,-0.5894,408320.2,414701.60799999995,10.33011619845541,0.0016468,10.19648737302626
24,600000.SH,20200902,10.28,10.29,10.12,10.18,10.29,-0.11,-1.069,567870.81,578763.4789999999,10.376808686586644,0.001692,10.749299325929721
25,600000.SH,20200901,10.31,10.36,10.26,10.29,10.36,-0.07,-0.6757,539312.33,555922.0989999999,10.420543950023914,0.0016445,10.678394242340085
26,600000.SH,20200831,10.46,10.51,10.32,10.36,10.46,-0.1,-0.956,800373.56,835524.3659999999,10.449553716861661,0.0016451,11.781818785629952
27,600000.SH,20200828,10.35,10.46,10.31,10.46,10.35,0.11,1.0628,531312.03,552429.111,10.469454542416505,0.0017116,17.848647558367954
28,600000.SH,20200827,10.38,10.4,10.32,10.35,10.37,-0.02,-0.1929,304624.92,315213.297,10.471555551593745,0.0016562,17.351155280297338
29,600000.SH,20200826,10.44,10.45,10.35,10.37,10.45,-0.08,-0.7656,392787.32,408174.292,10.498567896723888,0.0016396,17.426571824067164
30,600000.SH,20200825,10.48,10.51,10.41,10.45,10.46,-0.01,-0.0956,378972.5,396122.405,10.52713854077184,0.0016538,17.798591638820962
31,600000.SH,20200824,10.57,10.57,10.44,10.46,10.5,-0.04,-0.381,389828.22,408922.475,10.544280438306723,0.0017456,17.94645696994485
32,600000.SH,20200821,10.56,10.56,10.45,10.5,10.47,0.03,0.2865,314515.2,329790.601,10.563009424597105,0.0017812,18.393736093528137
33,600000.SH,20200820,10.56,10.57,10.43,10.47,10.58,-0.11,-1.0397,535390.28,559975.457,10.577011518620486,0.0018268,19.0228811094603
34,600000.SH,20200819,10.69,10.74,10.57,10.58,10.69,-0.11,-1.0290000000000001,434481.06,462151.805,10.600791855925939,0.0017875,18.220251195533834
35,600000.SH,20200818,10.85,10.85,10.63,10.69,10.84,-0.15,-1.3838,540919.61,580056.196,10.605412268685457,0.0017966,18.954299818560937
36,600000.SH,20200817,10.59,10.98,10.57,10.84,10.59,0.25,2.3607,987426.99,1066482.9679999999,10.586614994645588,0.0019191,20.419106520263657
37,600000.SH,20200814,10.53,10.6,10.48,10.59,10.51,0.08,0.7612,375845.3,396506.223,10.530307215429293,0.001768,17.417382653761784
38,600000.SH,20200813,10.6,10.61,10.5,10.51,10.56,-0.05,-0.4735,257984.77,271625.415,10.517042152440007,0.0018669,17.373066018285325
39,600000.SH,20200812,10.49,10.6,10.46,10.56,10.47,0.09,0.8596,432686.29,455458.282,10.518607075370221,0.001919,18.13783386708508
40,600000.SH,20200811,10.58,10.68,10.45,10.47,10.52,-0.05,-0.4753,636732.24,676102.3509999999,10.509408648006247,0.001926,18.557328442995274
41,600000.SH,20200810,10.42,10.57,10.39,10.52,10.43,0.09,0.8629,489739.67,514604.348,10.518166125009435,0.0018154,18.30112392622072
42,600000.SH,20200807,10.51,10.53,10.36,10.43,10.53,-0.1,-0.9497,442719.66,461730.42100000003,10.517758596819341,0.0018,18.068988574950435
43,600000.SH,20200806,10.57,10.63,10.41,10.53,10.51,0.02,0.1903,424842.32,445698.833,10.537260506892105,0.0019018,26.73333391416733
44,600000.SH,20200805,10.64,10.64,10.45,10.51,10.66,-0.15,-1.4071,460112.8,483338.972,10.538873952951013,0.0020595,42.50717630957748
45,600000.SH,20200804,10.46,10.72,10.43,10.66,10.41,0.25,2.4015,885224.54,937235.109,10.545290386857243,0.002247,43.24431012145465
46,600000.SH,20200803,10.4,10.48,10.37,10.41,10.36,0.05,0.4826,562720.05,586201.746,10.519799361797292,0.0021277,40.02452937332823
47,600000.SH,20200731,10.41,10.52,10.31,10.36,10.4,-0.04,-0.3846,653684.27,679850.1259999999,10.544199220306,0.0022078,42.652241103409814
48,600000.SH,20200730,10.51,10.53,10.4,10.4,10.51,-0.11,-1.0466,404434.81,422561.054,10.585132380291116,0.0022194,43.25068865845359
49,600000.SH,20200729,10.35,10.54,10.32,10.51,10.39,0.12,1.155,452566.02,474093.213,10.626272909161813,0.0024193,43.443759201627344
50,600000.SH,20200728,10.46,10.54,10.35,10.39,10.37,0.02,0.1929,325992.74,339999.711,10.652111333088463,0.0025872,42.584789902843134
51,600000.SH,20200727,10.55,10.55,10.32,10.37,10.42,-0.05,-0.4798,446559.1,465608.566,10.710358295665479,0.0027557,42.718593927581374
52,600000.SH,20200724,10.78,10.8,10.4,10.42,10.84,-0.42,-3.8745,728863.91,769923.5109999999,10.785993472811562,0.0029404,43.45716767254236
53,600000.SH,20200723,10.99,10.99,10.61,10.84,11.02,-0.18,-1.6334,868068.96,937319.747,10.867325355824342,0.0029608,42.36804268929285
54,600000.SH,20200722,11.55,11.75,11.5,11.62,11.54,0.08,0.6932,986876.37,1147395.851,10.873397657367288,0.0029768,26.785442998911975
55,600000.SH,20200721,11.59,11.61,11.4,11.54,11.52,0.02,0.1736,550045.87,632576.75,10.840819447772198,0.0029988,26.35126137304136
56,600000.SH,20200720,11.32,11.57,11.27,11.52,11.27,0.25,2.2183,787665.18,901216.6190000001,10.81786145624437,0.0032709,26.11292078407526
57,600000.SH,20200717,11.37,11.39,11.17,11.27,11.2,0.07,0.625,686394.8,771657.319,10.7940166437263,0.0035228,52.23705619385342
58,600000.SH,20200716,11.25,11.48,11.2,11.2,11.18,0.02,0.1789,966141.62,1094090.004,10.817559919712194,0.0035712,52.521938115727856
59,600000.SH,20200715,11.47,11.47,11.14,11.18,11.38,-0.2,-1.7575,924383.1,1042128.8609999999,10.861087377138743,0.0034443,54.26166222268533
60,600000.SH,20200714,11.61,11.69,11.33,11.38,11.66,-0.28,-2.4014,799442.6,919482.272,10.918502557704247,0.003246,53.06363843516511
61,600000.SH,20200713,11.6,11.85,11.56,11.66,11.6,0.06,0.5172,965643.33,1128297.577,10.946527118318883,0.0030429,50.29549572915414
62,600000.SH,20200710,11.98,12.09,11.55,11.6,11.99,-0.39,-3.2527,786118.64,925839.42,10.921769990568242,0.0027985,50.66138871480298
63,600000.SH,20200709,12.26,12.26,11.94,11.99,12.14,-0.15,-1.2356,913117.38,1101713.242,10.904156143338854,0.0026002,44.910413820776526
64,600000.SH,20200708,12.17,12.44,12.03,12.14,12.11,0.03,0.2477,1048792.3,1282339.8159999999,10.800436487357834,0.002345,44.06363018334177
65,600000.SH,20200707,12.45,12.69,12.1,12.11,12.2,-0.09,-0.7377,1314697.59,1621839.646,10.642055857730536,0.0020594,44.8449493245303
66,600000.SH,20200706,11.3,12.31,11.29,12.2,11.19,1.01,9.0259,1495580.01,1776417.981,10.454801964407569,0.0017333,43.419207206653326
67,600000.SH,20200703,11.08,11.26,11.02,11.19,11.05,0.14,1.2670000000000001,822384.77,916157.92,10.206968797470223,0.0012753,17.413993021076603
68,600000.SH,20200702,10.73,11.05,10.7,11.05,10.74,0.31,2.8864,609512.68,663308.323,10.116916816129649,0.0010402,17.21813676232918
69,600000.SH,20200701,10.59,10.76,10.55,10.74,10.58,0.16,1.5123,366907.1,390832.225,10.036357968045406,0.0008862,12.024847683635857
70,600000.SH,20200630,10.59,10.64,10.54,10.58,10.57,0.01,0.0946,228867.64,242601.91,10.003228954662216,0.0008463,14.90524529058294
71,600000.SH,20200629,10.63,10.73,10.49,10.57,10.6,-0.03,-0.28300000000000003,278756.19,295223.647,9.996457577377862,0.0008557,15.248061390965887
72,600000.SH,20200624,10.54,10.61,10.5,10.6,10.48,0.12,1.145,228738.84,241489.165,9.990288927038293,0.0008461,16.045387491273825
73,600000.SH,20200623,10.51,10.57,10.47,10.48,10.55,-0.07,-0.6635,196022.12,206109.22,9.97642703381797,0.0008241,15.363355718482415
74,600000.SH,20200622,10.57,10.66,10.53,10.55,10.61,-0.06,-0.5655,246119.03,260728.901,9.98477444864794,0.0008158,15.647275245854798
75,600000.SH,20200619,10.56,10.68,10.5,10.61,10.5,0.11,1.0476,398144.79,422462.42799999996,9.980224502550096,0.0007931,15.64436237374231
76,600000.SH,20200618,10.42,10.57,10.39,10.5,10.47,0.03,0.2865,208565.51,218713.603,9.962018593185084,0.000726,14.578500170269582
77,600000.SH,20200617,10.44,10.51,10.43,10.47,10.45,0.02,0.1914,161485.94,169024.39,9.962949177414028,0.0007143,14.51845187615311
78,600000.SH,20200616,10.44,10.5,10.4,10.45,10.35,0.1,0.9662,176827.42,184966.297,9.970408990992835,0.0007541,14.515225193827028
79,600000.SH,20200615,10.41,10.49,10.35,10.35,10.55,-0.2,-1.8957,254978.83,265574.307,9.983741495827319,0.0007834,13.32029425638773
80,600000.SH,20200612,10.58,10.58,10.43,10.55,10.48,0.07,0.6679,255144.82,267574.331,10.021111554038065,0.0007945,10.65555617397624
81,600000.SH,20200611,10.58,10.61,10.45,10.48,10.58,-0.1,-0.9452,251714.55,264822.30199999997,10.024636520000488,0.0008128,10.228539226891037
82,600000.SH,20200610,10.71,10.71,10.58,10.58,10.68,-0.1,-0.9363,166934.8,177440.922,10.043697154479428,0.0008593,12.235888894993094
83,600000.SH,20200609,10.62,10.72,10.58,10.68,10.61,0.07,0.6598,172631.6,184089.09699999998,10.04591871098509,0.0008716,10.602588820305971
84,600000.SH,20200608,10.64,10.72,10.6,10.61,10.67,-0.06,-0.5623,182511.52,194265.349,10.027559172272957,0.0008613,10.654187312550713
85,600000.SH,20200605,10.68,10.69,10.56,10.67,10.64,0.03,0.282,209582.91,222668.15600000002,10.019872078236151,0.0008523,10.347446600922959
86,600000.SH,20200604,10.8,10.8,10.64,10.64,10.7,-0.06,-0.5607,175590.33,187688.384,9.997831875702495,0.0008621,15.797058533288364
87,600000.SH,20200603,10.75,10.87,10.7,10.7,10.68,0.02,0.1873,273521.88,294473.001,9.977216283403894,0.0008507,16.14613898683922
88,600000.SH,20200602,10.58,10.74,10.58,10.68,10.65,0.03,0.2817,259225.45,276609.95399999997,9.939374583574896,0.0008247,16.20585715182606
89,600000.SH,20200601,10.63,10.72,10.57,10.65,10.57,0.08,0.7569,286128.41,304346.423,9.89733857177341,0.0007773,16.20541444572437
90,600000.SH,20200529,10.45,10.57,10.45,10.57,10.53,0.04,0.3799,306592.27,322828.566,9.852283656621939,0.0007313,16.03092083037839
91,600000.SH,20200528,10.36,10.55,10.36,10.53,10.35,0.18,1.7391,382631.89,401358.593,9.814076357557028,0.0006711,16.187551978293374
92,600000.SH,20200527,10.28,10.38,10.25,10.35,10.27,0.08,0.779,201457.12,208419.13,9.77580845773,0.0005915,14.456181219418868
93,600000.SH,20200526,10.32,10.32,10.25,10.27,10.27,0.0,0.0,143722.49,147713.417,9.766971174058458,0.0005752,13.972797677144232
94,600000.SH,20200525,10.3,10.31,10.13,10.27,10.14,0.13,1.2821,157220.12,160438.358,9.773029869521874,0.0005932,14.521336616856708
95,600000.SH,20200522,10.3,10.34,10.14,10.14,10.33,-0.19,-1.8393,237229.15,243204.611,9.780434941754939,0.0006137,12.189170328164874
96,600000.SH,20200521,10.44,10.44,10.33,10.33,10.41,-0.08,-0.7685,143616.84,149140.643,9.816882791979454,0.0006038,9.021963457424802
97,600000.SH,20200520,10.37,10.42,10.33,10.41,10.35,0.06,0.5797,200463.0,208195.24800000002,9.821388093128839,0.000646,8.812046459652965
98,600000.SH,20200519,10.45,10.45,10.34,10.35,10.32,0.03,0.2907,125769.97,130445.254,9.810034752940748,0.0007219,11.034623541388706
99,600000.SH,20200518,10.28,10.43,10.25,10.32,10.28,0.04,0.3891,156759.41,162140.715,9.808803312483606,0.0007871,10.901538876326086
100,600000.SH,20200515,10.36,10.38,10.26,10.28,10.3,-0.02,-0.1942,137537.7,141846.60199999998,9.81362065086591,0.000856,18.32331236888644
101,600000.SH,20200514,10.32,10.36,10.27,10.3,10.38,-0.08,-0.7707,158923.76,163558.19199999998,9.827938418615503,0.0009111,18.308104441342383
102,600000.SH,20200513,10.31,10.39,10.28,10.38,10.34,0.04,0.3868,155743.1,160783.64800000002,9.841222958289906,0.0010337,22.414575576389968
103,600000.SH,20200512,10.44,10.48,10.34,10.34,10.43,-0.09,-0.8629,194059.45,201474.58800000002,9.840599797609565,0.0010387,22.463131210424216
104,600000.SH,20200511,10.44,10.54,10.42,10.43,10.44,-0.01,-0.0958,214724.95,224819.91600000003,9.848268066919234,0.0010297,21.688580551300664
105,600000.SH,20200508,10.44,10.49,10.4,10.44,10.39,0.05,0.4812,209276.7,218698.514,9.838673099169522,0.0010095,21.544745121151514
106,600000.SH,20200507,10.45,10.46,10.37,10.39,10.46,-0.07,-0.6692,262116.56,272516.386,9.824838438248838,0.0009975,22.348182715766296
107,600000.SH,20200506,10.44,10.49,10.36,10.46,10.63,-0.17,-1.5992,413783.62,431336.74,9.818466796242692,0.0009878,22.626692916946578
108,600000.SH,20200430,10.58,10.79,10.56,10.63,10.61,0.02,0.1885,309069.71,330157.488,9.79592689104365,0.0009215,20.099626736580927
109,600000.SH,20200429,10.35,10.61,10.33,10.61,10.33,0.28,2.7106,350568.36,367739.38899999997,9.732551001911714,0.0008628,20.332711465693084
110,600000.SH,20200428,10.36,10.38,10.22,10.33,10.34,-0.01,-0.0967,292225.78,301584.635,9.659306536766403,0.0007913,16.508287440301505
111,600000.SH,20200427,10.15,10.42,10.15,10.34,10.06,0.28,2.7833,503428.06,520243.99700000003,9.628794892230005,0.0007506,17.684553484471092
112,600000.SH,20200424,10.06,10.09,10.01,10.06,10.06,0.0,0.0,169731.13,170599.17,9.589395404457125,0.0006141,11.699642585795452
113,600000.SH,20200423,10.1,10.1,10.01,10.06,10.07,-0.01,-0.0993,168786.43,169579.075,9.600249843873222,0.0006129,11.744606870474339
114,600000.SH,20200422,10.02,10.07,9.98,10.07,10.03,0.04,0.3988,158024.41,158372.535,9.613516380854456,0.0006011,11.80887776806577
115,600000.SH,20200421,10.07,10.12,10.01,10.03,10.11,-0.08,-0.7913,175575.25,176508.085,9.627623559463789,0.0006088,11.408134671447861
116,600000.SH,20200420,10.15,10.19,10.09,10.11,10.2,-0.09,-0.8824,235037.15,237574.34399999998,9.653295576711285,0.0006311,13.204501868931965
117,600000.SH,20200417,10.18,10.23,10.15,10.2,10.16,0.04,0.3937,227444.11,231788.988,9.667812666812473,0.0006003,12.631846044683453
118,600000.SH,20200416,10.1,10.18,10.1,10.16,10.18,-0.02,-0.1965,144031.97,145969.853,9.666588479947293,0.00058,13.66825873463374
119,600000.SH,20200415,10.2,10.27,10.15,10.18,10.25,-0.07,-0.6829,149456.08,152284.659,9.67352216194636,0.0006087,14.0240973942987
120,600000.SH,20200414,10.17,10.25,10.12,10.25,10.11,0.14,1.3848,177929.26,181192.027,9.677781707013963,0.0006485,15.128835107572032
121,600000.SH,20200413,10.15,10.22,10.1,10.11,10.21,-0.1,-0.9794,119669.86,121315.47,9.668235475733885,0.0006779,13.260761920905946
122,600000.SH,20200410,10.22,10.24,10.15,10.21,10.2,0.01,0.098,166255.28,169625.91199999998,9.686072543975833,0.0007318,12.387619903715445
123,600000.SH,20200409,10.26,10.29,10.18,10.2,10.24,-0.04,-0.3906,135695.86,138881.044,9.686798630470516,0.0007826,13.033553104642577
124,600000.SH,20200408,10.25,10.29,10.18,10.24,10.28,-0.04,-0.3891,179522.55,183606.90399999998,9.689793547137755,0.0008488,13.403937254133696
125,600000.SH,20200407,10.3,10.33,10.23,10.28,10.15,0.13,1.2808,238256.11,244911.012,9.685024091115379,0.0008881,16.356411540741504
126,600000.SH,20200403,10.13,10.21,10.12,10.15,10.2,-0.05,-0.4902,148423.82,150706.81900000002,9.670764845918608,0.0009039,21.237420955675077
127,600000.SH,20200402,10.09,10.2,10.07,10.2,10.09,0.11,1.0902,170421.35,172675.32100000003,9.680734086033985,0.0010027,22.12231709522823
128,600000.SH,20200401,10.11,10.26,10.09,10.09,10.15,-0.06,-0.5911,224791.92,228559.545,9.682381325745357,0.0011403,25.929678781179152
129,600000.SH,20200331,10.3,10.36,10.13,10.15,10.28,-0.13,-1.2646,261448.54,267681.227,9.70757687061961,0.0011784,27.801808461231083
130,600000.SH,20200330,10.18,10.28,10.11,10.28,10.24,0.04,0.3906,260460.18,265782.024,9.725726560917192,0.0012353,27.403714087409217
131,600000.SH,20200327,10.35,10.38,10.2,10.24,10.23,0.01,0.0978,271079.51,278718.751,9.720512309175481,0.0013121,28.217581309481815
132,600000.SH,20200326,10.1,10.37,10.08,10.23,10.15,0.08,0.7882,309218.03,315960.382,9.722569244799924,0.00142,28.559539009920968
133,600000.SH,20200325,10.2,10.27,10.12,10.15,10.06,0.09,0.8946,321722.78,327768.57399999996,9.72719075410204,0.0014261,28.00871724811336
134,600000.SH,20200324,10.03,10.13,9.98,10.06,9.84,0.22,2.2358,289907.54,291586.37899999996,9.749699085587908,0.0014244,26.771485351878194
135,600000.SH,20200323,9.95,9.95,9.82,9.84,10.09,-0.25,-2.4777,282860.3,279043.93,9.796176564840875,0.0014805,23.108589518347788
136,600000.SH,20200320,10.12,10.18,9.96,10.09,9.94,0.15,1.5091,426093.58,428744.766,9.899346876852745,0.0015916,24.419000839944804
137,600000.SH,20200319,10.19,10.34,9.86,9.94,10.21,-0.27,-2.6445,557071.13,558047.012,9.972756989302816,0.001588,20.341060042149287
138,600000.SH,20200318,10.4,10.5,10.2,10.21,10.43,-0.22,-2.1093,331766.46,343553.119,10.09409262144694,0.0016497,26.596243077230596
139,600000.SH,20200317,10.68,10.69,10.29,10.43,10.51,-0.08,-0.7612,421390.08,440636.619,10.185489836019887,0.0016548,25.55301071129388
140,600000.SH,20200316,10.7,10.78,10.5,10.51,10.7,-0.19,-1.7757,476499.24,507308.31799999997,10.250833038932782,0.0016449,25.808236063920404
141,600000.SH,20200313,10.4,10.73,10.28,10.7,10.64,0.06,0.5639,574571.09,603756.305,10.313837133736124,0.001615,26.88703826322887
142,600000.SH,20200312,10.75,10.75,10.61,10.64,10.77,-0.13,-1.2071,326323.5,348157.969,10.350800067314289,0.001589,30.684787778154792
143,600000.SH,20200311,10.93,10.93,10.77,10.77,10.87,-0.1,-0.92,316888.26,343734.18,10.408621850349236,0.0015904,30.55854860674333
144,600000.SH,20200310,10.71,10.96,10.7,10.87,10.78,0.09,0.8349,447617.37,485896.696,10.45189571178743,0.0016623,31.126474410135472
145,600000.SH,20200309,11.0,11.0,10.75,10.78,11.12,-0.34,-3.0576,594952.42,644379.973,10.483711212603048,0.001675,30.63045829986396
146,600000.SH,20200306,11.23,11.28,11.11,11.12,11.32,-0.2,-1.7668,415878.2,464404.00299999997,10.541564121782764,0.0016225,27.16857859529615
147,600000.SH,20200305,11.08,11.32,11.03,11.32,11.03,0.29,2.6292,730478.82,819311.47,10.54061899978606,0.0016131,25.795473445880035
148,600000.SH,20200304,11.01,11.1,10.95,11.03,11.06,-0.03,-0.2712,346283.58,381014.62700000004,10.49731430163067,0.0014836,22.571205514978832
149,600000.SH,20200303,11.13,11.23,11.04,11.06,11.04,0.02,0.1812,393324.6,437422.565,10.50550318325569,0.0014497,22.68375417544711
150,600000.SH,20200302,10.95,11.1,10.92,11.04,10.85,0.19,1.7512,392450.56,432698.82399999996,10.509189384244337,0.001417,23.27652883900569
151,600000.SH,20200228,11.11,11.18,10.85,10.85,11.21,-0.36,-3.2114,501379.88,550529.618,10.517909695167125,0.0014245,26.419098225325307
152,600000.SH,20200227,11.2,11.3,11.13,11.21,11.2,0.01,0.0893,330298.24,370549.70700000005,10.56860992488907,0.0013257,19.40692146258481
153,600000.SH,20200226,11.01,11.33,11.01,11.2,11.09,0.11,0.9919,519062.87,581437.7420000001,10.55470768412293,0.0012887,20.51239677258633
154,600000.SH,20200225,11.07,11.15,11.01,11.09,11.16,-0.07,-0.6272,483245.64,535241.824,10.53982353422093,0.0011976,20.193887004331398
155,600000.SH,20200224,11.23,11.34,11.1,11.16,11.3,-0.14,-1.2389,447386.22,501186.013,10.544814047262626,0.0011496,19.823398714080252
156,600000.SH,20200221,11.23,11.39,11.21,11.3,11.23,0.07,0.6233,389494.18,439706.99100000004,10.536161220704036,0.0011115,18.976364727622247
157,600000.SH,20200220,11.17,11.27,11.06,11.23,11.11,0.12,1.0801,366564.16,408938.11600000004,10.496080859796809,0.0010864,18.985143048025947
158,600000.SH,20200219,11.08,11.24,11.04,11.11,11.06,0.05,0.4521,251001.57,279375.283,10.461846093608036,0.0010913,18.785763078023233
159,600000.SH,20200218,11.09,11.18,11.04,11.06,11.18,-0.12,-1.0733,301627.03,334474.238,10.44529333185735,0.0011623,18.781130976748756
160,600000.SH,20200217,10.88,11.21,10.86,11.18,10.86,0.32,2.9466,413433.2,457641.227,10.435599565619942,0.0012926,18.114644350080244
161,600000.SH,20200214,10.76,10.88,10.74,10.86,10.76,0.1,0.9294,223605.49,242102.421,10.398461899098388,0.0014848,44.51607062334595
162,600000.SH,20200213,10.82,10.88,10.76,10.76,10.86,-0.1,-0.9208,226306.13,244794.98100000003,10.420510696437326,0.0016775,46.438751329106616
163,600000.SH,20200212,10.84,10.88,10.76,10.86,10.86,0.0,0.0,263139.27,284693.716,10.468534001622585,0.001875,47.221241849289775
164,600000.SH,20200211,10.82,10.95,10.78,10.86,10.77,0.09,0.8357,348563.02,378583.345,10.506154377383114,0.0018945,46.85874250847568
165,600000.SH,20200210,10.76,10.84,10.71,10.77,10.86,-0.09,-0.8287,340321.21,366391.17,10.552134836397336,0.001855,46.159931671884806
166,600000.SH,20200207,10.73,10.91,10.67,10.86,10.79,0.07,0.6487,318969.56,342581.62100000004,10.627300472512884,0.0017965,46.76017254662743
167,600000.SH,20200206,10.81,10.86,10.65,10.79,10.7,0.09,0.8411,380238.01,408101.901,10.700202286000389,0.0017629,45.908462129076234
168,600000.SH,20200205,10.69,10.78,10.58,10.7,10.66,0.04,0.3752,450466.58,481639.081,10.804056845066437,0.0017411,44.379773970265596
169,600000.SH,20200204,10.51,10.74,10.48,10.66,10.47,0.19,1.8147,667837.67,710434.8359999999,10.949957492190677,0.0016875,44.13973935837244
170,600000.SH,20200203,10.22,10.69,10.22,10.47,11.35,-0.88,-7.7533,953673.82,997686.058,11.13671041473777,0.0015236,41.37172419930557
171,600000.SH,20200123,11.75,11.75,11.32,11.35,11.77,-0.42,-3.5684,765347.96,879151.046,11.405006058584316,0.0012495,21.797600735448317
172,600000.SH,20200122,11.7,11.84,11.65,11.77,12.08,-0.31,-2.5662,781335.56,917203.4809999999,11.547464941220841,0.0010703,16.09342999048846
173,600000.SH,20200121,12.2,12.25,12.04,12.08,12.25,-0.17,-1.3878,317874.74,384580.844,11.633067299667635,0.0009177,12.424193703880595
174,600000.SH,20200120,12.26,12.27,12.19,12.25,12.23,0.02,0.1635,237346.09,290296.136,11.672360604074123,0.0009057,11.277050719570813
175,600000.SH,20200117,12.22,12.29,12.16,12.23,12.2,0.03,0.2459,175931.11,215028.083,11.684558637130333,0.0009671,12.024836487976694
176,600000.SH,20200116,12.28,12.31,12.16,12.2,12.25,-0.05,-0.4082,224548.76,274130.148,11.703682298938098,0.0010398,13.582373234647505
177,600000.SH,20200115,12.41,12.45,12.25,12.25,12.43,-0.18,-1.4481,318972.17,392531.149,11.733378095644175,0.0011436,14.446612428337534
178,600000.SH,20200114,12.4,12.69,12.39,12.43,12.41,0.02,0.1612,299945.61,374971.64,11.75913557085709,0.0011438,12.327180066181285
179,600000.SH,20200113,12.4,12.41,12.31,12.41,12.39,0.02,0.1614,207155.66,255982.38,11.752682335638708,0.0011832,12.327417386279755
180,600000.SH,20200110,12.37,12.42,12.31,12.39,12.37,0.02,0.1617,183212.52,226580.302,11.749010003303054,0.0012089,12.350941037221379
181,600000.SH,20200109,12.39,12.43,12.35,12.37,12.32,0.05,0.4058,261514.48,324168.061,11.748736551688332,0.0011997,12.457199552559548
182,600000.SH,20200108,12.41,12.45,12.25,12.32,12.5,-0.18,-1.44,352405.36,434980.266,11.752617288284478,0.0011553,12.505931665429191
183,600000.SH,20200107,12.51,12.6,12.46,12.5,12.46,0.04,0.321,284214.82,355811.756,11.767897798052957,0.001107,9.655252890466254
184,600000.SH,20200106,12.52,12.65,12.42,12.46,12.6,-0.14,-1.1111,410011.93,514432.55100000004,11.748639382349632,0.0011377,14.000620956125383
185,600000.SH,20200103,12.57,12.63,12.47,12.6,12.47,0.13,1.0425,380188.1,477053.357,11.733531228190364,0.0011347,12.4526465003593
186,600000.SH,20200102,12.47,12.64,12.45,12.47,12.37,0.1,0.8084,516290.79,647446.166,11.685561021774799,0.0010841,11.432882992920497
187,600000.SH,20191231,12.32,12.38,12.21,12.37,12.34,0.03,0.2431,319536.28,392736.23600000003,11.654327976784923,0.0010234,10.65624143312964
188,600000.SH,20191230,12.27,12.36,12.12,12.34,12.32,0.02,0.1623,410515.55,503090.48299999995,11.637229029406138,0.0011141,15.154747848880973
189,600000.SH,20191227,12.25,12.43,12.25,12.32,12.29,0.03,0.2441,279321.09,344832.499,11.622652748383308,0.0011031,15.161422046667655
190,600000.SH,20191226,12.26,12.32,12.23,12.29,12.24,0.05,0.4085,157390.54,193083.033,11.609052248538914,0.0012155,17.336303238737568
191,600000.SH,20191225,12.29,12.29,12.2,12.24,12.28,-0.04,-0.3257,136781.75,167407.896,11.598751848084541,0.0012556,18.018699978747918
192,600000.SH,20191224,12.21,12.29,12.2,12.28,12.2,0.08,0.6557,216710.29,265496.459,11.59669985734503,0.0013258,18.140235539197914
193,600000.SH,20191223,12.46,12.46,12.17,12.2,12.42,-0.22,-1.7713,370338.91,455979.055,11.585761958356445,0.0013032,18.35304931304955
194,600000.SH,20191220,12.41,12.55,12.38,12.42,12.41,0.01,0.0806,401501.48,500592.355,11.58925323509903,0.0012331,14.773944800568762
195,600000.SH,20191219,12.4,12.5,12.38,12.41,12.4,0.01,0.0806,237899.07,295686.647,11.54715584675019,0.0011637,14.691440006957732
196,600000.SH,20191218,12.36,12.5,12.34,12.4,12.39,0.01,0.0807,345652.68,428827.229,11.4978109608309,0.0011679,15.002222574418834
197,600000.SH,20191217,12.17,12.51,12.1,12.39,12.13,0.26,2.1434,574356.05,707895.681,11.43960802182821,0.0011329,16.638953385708476
198,600000.SH,20191216,12.12,12.15,12.0,12.13,12.12,0.01,0.0825,379716.32,458170.277,11.370578573915772,0.0009981,13.837862548679292
199,600000.SH,20191213,11.98,12.12,11.94,12.12,11.9,0.22,1.8487,595205.54,716034.787,11.341003662452263,0.0009419,14.108733707987682
200,600000.SH,20191212,11.99,11.99,11.88,11.9,11.98,-0.08,-0.6678,270212.03,321917.933,11.30696402639102,0.0008175,10.856181279223144
201,600000.SH,20191211,11.88,11.99,11.85,11.98,11.86,0.12,1.0118,334090.45,398582.36,11.311724530299335,0.0007847,10.37944190750532
202,600000.SH,20191210,11.88,11.91,11.86,11.86,11.9,-0.04,-0.3361,153246.4,181988.682,11.300683105008797,0.0007679,9.001818095072117
203,600000.SH,20191209,11.9,11.93,11.85,11.9,11.92,-0.02,-0.1678,173492.58,206211.639,11.31247775883403,0.0009256,8.958088264869541
204,600000.SH,20191206,11.92,11.95,11.83,11.92,11.89,0.03,0.2523,206544.38,245635.919,11.318463537198753,0.0009534,9.824156598862016
205,600000.SH,20191205,11.79,11.89,11.76,11.89,11.75,0.14,1.1915,249761.3,295963.968,11.321564533545699,0.000985,9.822855508242116
206,600000.SH,20191204,11.78,11.83,11.7,11.75,11.86,-0.11,-0.9275,247346.62,290465.76300000004,11.331677072383448,0.0010193,7.346551555501839
207,600000.SH,20191203,11.81,11.9,11.77,11.86,11.87,-0.01,-0.0842,195578.65,231361.39899999998,11.37354152599343,0.0010668,9.408689988001182
208,600000.SH,20191202,11.96,11.97,11.82,11.87,11.91,-0.04,-0.3359,221630.2,263131.788,11.40152694003747,0.0011017,9.41038942625251
209,600000.SH,20191129,11.93,12.07,11.89,11.91,11.96,-0.05,-0.4181,245669.35,293541.788,11.433623857693537,0.0011253,10.764443798546083
210,600000.SH,20191128,12.0,12.01,11.92,11.96,11.99,-0.03,-0.2502,177972.25,212826.181,11.464423513990837,0.0011351,10.772453338028813
211,600000.SH,20191127,12.07,12.07,11.9,11.99,12.06,-0.07,-0.5804,287039.56,343598.87899999996,11.491530150594834,0.0011748,11.172011228732732
212,600000.SH,20191126,12.15,12.17,11.98,12.06,12.07,-0.01,-0.0829,596332.64,719075.4079999999,11.518338051698924,0.0011875,10.971106233885589
213,600000.SH,20191125,12.03,12.14,12.0,12.07,11.99,0.08,0.6672,251532.56,303962.341,11.536350921826807,0.0011149,11.037947147524193
214,600000.SH,20191122,12.01,12.06,11.94,11.99,11.96,0.03,0.2508,295310.99,354250.53,11.556259174779342,0.0011627,14.078190662463758
215,600000.SH,20191121,12.0,12.04,11.91,11.96,12.04,-0.08,-0.6645,346171.75,414077.527,11.597451303811523,0.0012314,14.30243772168782
216,600000.SH,20191120,12.17,12.22,12.01,12.04,12.23,-0.19,-1.5536,380920.59,460234.691,11.654119671735428,0.0012728,14.616560733305239
217,600000.SH,20191119,12.2,12.31,12.18,12.23,12.24,-0.01,-0.0817,293708.03,359115.48799999995,11.706521190275351,0.0013011,13.936109425815129
218,600000.SH,20191118,12.17,12.35,12.13,12.24,12.15,0.09,0.7407,287965.29,352880.166,11.730525419200028,0.0014609,17.765431824317044
219,600000.SH,20191115,12.22,12.26,12.12,12.15,12.14,0.01,0.0824,273242.99,332797.325,11.75775644401531,0.0015354,16.74394907147486
220,600000.SH,20191114,12.23,12.27,12.1,12.14,12.23,-0.09,-0.7359,289436.47,351795.388,11.810006104833052,0.0016613,20.520718189396995
221,600000.SH,20191113,12.21,12.29,12.15,12.23,12.24,-0.01,-0.0817,322749.79,394505.189,11.875974278840486,0.001677,20.466416612972125
222,600000.SH,20191112,12.31,12.36,12.17,12.24,12.29,-0.05,-0.4068,392393.95,480742.763,11.937634750165824,0.0017534,21.17467232428478
223,600000.SH,20191111,12.48,12.48,12.29,12.29,12.57,-0.28,-2.2275,385942.67,477989.511,12.010890070336867,0.001801,21.73320582285061
224,600000.SH,20191108,12.8,12.81,12.56,12.57,12.76,-0.19,-1.489,488418.66,617218.205,12.089886963615372,0.0019212,20.247280630985276
225,600000.SH,20191107,12.95,12.95,12.71,12.76,12.92,-0.16,-1.2384,462672.81,592408.7710000001,12.127429353565017,0.0020957,20.182692314641397
226,600000.SH,20191106,12.95,13.1,12.86,12.92,12.95,-0.03,-0.2317,460239.2,597016.8960000001,12.133272425489556,0.0022982,21.667894807233356
227,600000.SH,20191105,12.74,13.19,12.69,12.95,12.74,0.21,1.6484,742743.89,962257.3759999999,12.106694317940063,0.0022512,21.835348297316333
228,600000.SH,20191104,12.75,12.89,12.69,12.74,12.75,-0.01,-0.0784,497379.96,634816.416,12.067887532325626,0.0020986,19.943871187064406
229,600000.SH,20191101,12.5,12.83,12.44,12.75,12.51,0.24,1.9185,627057.33,793656.95,12.064714042578077,0.0020604,20.761289855477106
230,600000.SH,20191031,12.68,12.7,12.5,12.51,12.59,-0.08,-0.6354,333475.33,419182.995,12.05872785543421,0.0020686,22.562617930889918
231,600000.SH,20191030,12.75,12.79,12.52,12.59,12.77,-0.18,-1.4096,537347.3,678152.77,12.101990864084515,0.0021202,23.324956071059134
232,600000.SH,20191029,12.74,12.85,12.62,12.77,12.7,0.07,0.5512,526040.9,669546.625,12.138008054291838,0.0021674,22.61545167139865
233,600000.SH,20191028,12.75,12.88,12.65,12.7,12.9,-0.2,-1.5504,723804.66,919894.887,12.144094470650403,0.0022414,23.399357494114362
234,600000.SH,20191025,13.09,13.09,12.78,12.9,13.09,-0.19,-1.4515,978763.57,1260246.4840000002,12.166285766310214,0.002425,29.511481558202867
235,600000.SH,20191024,12.98,13.24,12.95,13.09,12.86,0.23,1.7885,1031588.06,1347032.67,12.151258911459928,0.0024042,32.70446995225243
236,600000.SH,20191023,12.89,12.95,12.77,12.86,12.93,-0.07,-0.5414,328214.14,422141.011,12.092850684018794,0.0021341,32.77466177870083
237,600000.SH,20191022,13.03,13.05,12.77,12.93,12.91,0.02,0.1549,313962.57,404182.674,12.069934832548247,0.0021675,32.03540534947488
238,600000.SH,20191021,12.8,13.03,12.75,12.91,12.78,0.13,1.0172,389962.87,502880.211,12.027174226892713,0.0021711,31.87639042223895
239,600000.SH,20191018,13.24,13.29,12.72,12.78,13.17,-0.39,-2.9613,649928.96,840281.772,11.979126219661202,0.0021602,32.583061239737624
240,600000.SH,20191017,13.07,13.25,13.03,13.17,13.08,0.09,0.6881,478693.13,628571.1529999999,11.947798084287873,0.0020599,26.55602861395767
241,600000.SH,20191016,13.08,13.33,12.9,13.08,13.09,-0.01,-0.0764,670022.23,876221.01,11.827316520078066,0.0021484,26.57503570004236
242,600000.SH,20191015,12.95,13.14,12.86,13.09,12.94,0.15,1.1592,733945.91,952804.782,11.699028572170256,0.0020172,26.05510067907288
243,600000.SH,20191014,12.59,13.22,12.52,12.94,12.45,0.49,3.9357,1239701.03,1596408.955,11.540124714190275,0.0018338,26.60183950407572
244,600000.SH,20191011,12.05,12.45,12.0,12.45,11.96,0.49,4.0969999999999995,920308.0,1131441.679,11.377521049142114,0.0014913,24.160135446995973
245,600000.SH,20191010,12.02,12.04,11.91,11.96,11.99,-0.03,-0.2502,272612.29,326023.332,11.282049632054013,0.0013065,13.395617274100683
246,600000.SH,20191009,11.82,12.13,11.8,11.99,11.9,0.09,0.7563,422096.02,506474.302,11.268628739172946,0.001294,13.313735424891266
247,600000.SH,20191008,11.8,12.03,11.8,11.9,11.84,0.06,0.5068,324158.86,386027.564,11.245902993874578,0.0012555,13.750203547204526
248,600000.SH,20190930,11.85,12.07,11.81,11.84,11.9,-0.06,-0.5042,359475.77,430109.099,11.237094379943207,0.0012596,14.50996875814921
249,600000.SH,20190927,11.95,11.99,11.76,11.9,11.97,-0.07,-0.5848,368078.78,437372.18799999997,11.238973160963798,0.0012224,14.581272933049611
250,600000.SH,20190926,11.88,12.18,11.84,11.97,11.81,0.16,1.3548,727264.61,876687.793,11.228624584246248,0.0011843,14.482594461813697
251,600000.SH,20190925,11.75,11.95,11.69,11.81,11.75,0.06,0.5106,301363.56,356897.1,11.20122398172966,0.0010645,13.363082261192837
252,600000.SH,20190924,11.81,11.86,11.73,11.75,11.75,0.0,0.0,218709.62,257910.16,11.201453995338722,0.0010891,13.846933116137334
253,600000.SH,20190923,11.9,11.92,11.68,11.75,11.95,-0.2,-1.6736,277107.95,325475.285,11.214379987963392,0.0011538,14.083401766338438
254,600000.SH,20190920,11.99,11.99,11.85,11.95,11.94,0.01,0.0838,401092.79,478010.547,11.230178423144896,0.0011776,10.366083680567789
255,600000.SH,20190919,12.0,12.0,11.88,11.94,11.93,0.01,0.0838,237421.71,283084.515,11.20733807273464,0.0012015,11.105600304017425
256,600000.SH,20190918,11.94,12.0,11.87,11.93,11.81,0.12,1.0161,313872.71,375059.086,11.181529566518064,0.0012261,11.704495387077415
257,600000.SH,20190917,11.96,12.01,11.77,11.81,11.93,-0.12,-1.0059,335589.32,399569.109,11.152093313984453,0.0011724,11.487668837161161
258,600000.SH,20190916,11.99,12.01,11.83,11.93,12.0,-0.07,-0.5833,254891.16,303225.647,11.14140540134503,0.0011517,8.337911491165093
259,600000.SH,20190912,12.08,12.09,11.92,12.0,11.95,0.05,0.4184,261048.24,313028.158,11.103052667164562,0.0011515,5.4957939085076735
260,600000.SH,20190911,11.85,12.0,11.85,11.95,11.85,0.1,0.8439,390636.54,466909.32700000005,11.041424761662364,0.0011584,9.174729112302758
261,600000.SH,20190910,11.79,11.86,11.69,11.85,11.75,0.1,0.8511,370410.97,437072.473,10.97663915289623,0.0011102,9.174402778338907
262,600000.SH,20190909,11.78,11.79,11.68,11.75,11.69,0.06,0.5133,400593.68,470186.97,10.918531516871987,0.0012141,9.198030263387148
263,600000.SH,20190906,11.68,11.7,11.58,11.69,11.62,0.07,0.6024,343920.57,400477.41,10.868585847200743,0.0012205,17.253650378191875
264,600000.SH,20190905,11.5,11.74,11.5,11.62,11.49,0.13,1.1314,468280.0,544694.736,10.820186004953687,0.0012179,18.334461130357795
265,600000.SH,20190904,11.4,11.5,11.36,11.49,11.35,0.14,1.2335,306709.61,350981.214,10.775782984374194,0.0011078,17.544601427536556
266,600000.SH,20190903,11.39,11.41,11.31,11.35,11.34,0.01,0.0882,162866.09,184932.34399999998,10.748909832272247,0.0010509,16.445812764162085
267,600000.SH,20190902,11.3,11.42,11.24,11.34,11.28,0.06,0.5319,277498.79,315706.922,10.745569553174557,0.0010774,16.437860134986508
268,600000.SH,20190830,11.34,11.37,11.22,11.28,11.23,0.05,0.4452,254240.04,287099.396,10.743594467368236,0.0011148,17.832879172191657
269,600000.SH,20190829,11.3,11.35,11.18,11.23,11.32,-0.09,-0.7951,280495.94,315060.61,10.753825338070795,0.0011126,17.98104441773493
270,600000.SH,20190828,11.37,11.4,11.3,11.32,11.3,0.02,0.177,255255.97,289685.352,10.776867122609573,0.0010808,17.496891061227963
271,600000.SH,20190827,11.37,11.57,11.3,11.3,11.3,0.0,0.0,662474.58,756664.142,10.78606200672367,0.0010607,17.63226698711147
272,600000.SH,20190826,11.39,11.44,11.15,11.3,11.59,-0.29,-2.5022,418451.76,472500.37799999997,10.801515154069454,0.000892,18.13976772953963
273,600000.SH,20190823,11.39,11.59,11.38,11.59,11.43,0.16,1.3998,336553.77,387195.405,10.820402334158748,0.0008676,12.263607994508552
274,600000.SH,20190822,11.43,11.45,11.37,11.43,11.41,0.02,0.1753,158668.36,180907.93300000002,10.78236981876165,0.0008924,11.258222040020073
275,600000.SH,20190821,11.35,11.44,11.34,11.41,11.37,0.04,0.3518,146565.37,167119.481,10.769605273012251,0.0009542,13.698254569893782
276,600000.SH,20190820,11.3,11.47,11.28,11.37,11.38,-0.01,-0.0879,237580.5,270727.98600000003,10.758219116362714,0.0010139,13.903845684098512
277,600000.SH,20190819,11.22,11.38,11.08,11.38,11.22,0.16,1.426,382533.41,430744.321,10.752732612489606,0.0010902,16.02368997505982
278,600000.SH,20190816,11.25,11.34,11.21,11.22,11.29,-0.07,-0.62,248235.61,279706.602,10.743919407998286,0.0011061,17.753911188505413
279,600000.SH,20190815,11.16,11.32,11.12,11.29,11.28,0.01,0.0887,191011.92,214656.224,10.766867352361356,0.0011565,18.761158556783545
280,600000.SH,20190814,11.42,11.48,11.28,11.28,11.33,-0.05,-0.4413,198744.57,225555.663,10.780162497915077,0.001204,20.113834620216522
281,600000.SH,20190813,11.4,11.4,11.29,11.33,11.43,-0.1,-0.8749,188399.79,213447.65300000002,10.798519598125344,0.0012424,20.335814226073644
282,600000.SH,20190812,11.33,11.45,11.31,11.43,11.37,0.06,0.5277,349890.82,398523.209,10.81041866592987,0.0012954,20.304169570741667
283,600000.SH,20190809,11.31,11.41,11.26,11.37,11.26,0.11,0.9769,406379.93,461422.06,10.803887196500135,0.0012473,19.77448774341392
284,600000.SH,20190808,11.15,11.31,11.11,11.26,11.07,0.19,1.7164,332580.85,373205.583,10.808549154796903,0.0012108,18.335275629515266
285,600000.SH,20190807,11.14,11.16,11.05,11.07,11.09,-0.02,-0.1803,314620.85,349267.412,10.83742935580286,0.0012914,21.155316930720232
286,600000.SH,20190806,11.1,11.23,10.97,11.09,11.24,-0.15,-1.3345,452038.53,501885.625,10.912769450353174,0.0012653,22.169959979300394
287,600000.SH,20190805,11.42,11.46,11.23,11.24,11.48,-0.24,-2.0906,427190.73,483523.857,11.00063683389513,0.0011683,21.53683699741302
288,600000.SH,20190802,11.48,11.56,11.41,11.48,11.65,-0.17,-1.4592,389760.91,447723.838,11.076418140633752,0.0011075,19.243319001845933
289,600000.SH,20190801,11.76,11.85,11.63,11.65,11.87,-0.22,-1.8534,324717.02,380252.159,11.11846027890076,0.0010386,17.988853862471633
290,600000.SH,20190731,11.81,11.94,11.73,11.87,11.86,0.01,0.0843,306507.58,362607.63,11.134017997620727,0.0009881,14.13924900074163
291,600000.SH,20190730,11.84,12.0,11.84,11.86,11.86,0.0,0.0,337310.02,401937.925,11.106668483545743,0.0009412,14.888752503012144
292,600000.SH,20190729,11.9,11.94,11.8,11.86,11.87,-0.01,-0.0842,214650.11,254289.65,11.075348776631438,0.0008981,14.831832339217055
293,600000.SH,20190726,11.83,11.94,11.81,11.87,11.88,-0.01,-0.0842,303689.88,360677.451,11.037069134847288,0.0009651,14.90476190956335
294,600000.SH,20190725,11.57,11.96,11.57,11.88,11.59,0.29,2.5022,559002.19,660037.4079999999,10.98817542921064,0.0009809,15.169348860266389
295,600000.SH,20190724,11.54,11.68,11.53,11.59,11.49,0.1,0.8703,241122.88,279914.88399999996,10.926308977953674,0.0008649,9.99362878955157
296,600000.SH,20190723,11.43,11.56,11.43,11.49,11.48,0.01,0.0871,179278.98,206511.0,10.911811272040133,0.0008624,9.428059401049907
297,600000.SH,20190722,11.54,11.63,11.47,11.48,11.58,-0.1,-0.8636,256178.75,295840.61199999996,10.915166628225514,0.0008765,9.428011608970913
298,600000.SH,20190719,11.51,11.63,11.49,11.58,11.49,0.09,0.7833,196196.22,227078.76899999997,10.921375097234236,0.0009088,12.839032330844294
299,600000.SH,20190718,11.53,11.53,11.45,11.49,11.48,0.01,0.0871,182600.34,209938.962,10.907888451332754,0.0009306,12.2261412344581
300,600000.SH,20190717,11.49,11.57,11.46,11.48,11.55,-0.07,-0.6061,174803.72,201420.08,10.910372069583161,0.0009737,12.608098580648672
301,600000.SH,20190716,11.5,11.57,11.44,11.55,11.5,0.05,0.4348,216060.07,248901.949,10.915515080369858,0.0010416,12.427029413203869
302,600000.SH,20190715,11.4,11.54,11.22,11.5,11.52,-0.02,-0.1736,403056.03,459022.365,10.907048640689995,0.0011468,12.701917914144861
303,600000.SH,20190712,11.39,11.62,11.39,11.52,11.4,0.12,1.0526,348169.96,400591.791,10.907238156817824,0.0011987,12.890996411204222
304,600000.SH,20190711,11.43,11.46,11.34,11.4,11.35,0.05,0.4405,232858.35,265672.149,10.903254833067427,0.0011799,11.486732265841704
305,600000.SH,20190710,11.43,11.43,11.31,11.35,11.37,-0.02,-0.1759,234098.9,265773.696,10.923676055358841,0.0012678,10.917087688161526
306,600000.SH,20190709,11.4,11.43,11.33,11.37,11.36,0.01,0.08800000000000001,218854.04,248524.017,10.959172714559072,0.0013161,10.99476343825795
307,600000.SH,20190708,11.56,11.57,11.31,11.36,11.57,-0.21,-1.815,347106.76,395611.376,10.998342565426293,0.0015241,17.881046783268072
308,600000.SH,20190705,11.63,11.64,11.53,11.57,11.62,-0.05,-0.4303,257532.41,298158.887,11.048324305381293,0.0015223,16.448371961398472
309,600000.SH,20190704,11.61,11.67,11.57,11.62,11.56,0.06,0.519,303692.01,352968.33,11.065156071578718,0.0016278,16.613230588541253
310,600000.SH,20190703,11.62,11.63,11.51,11.56,11.61,-0.05,-0.4307,365670.85,422580.47,11.07519084316815,0.0017746,22.62437215512921
311,600000.SH,20190702,11.72,11.74,11.57,11.61,11.71,-0.1,-0.8540000000000001,511657.29,595072.188,11.100100429128586,0.0018044,22.9282276212791
312,600000.SH,20190701,11.86,11.92,11.69,11.71,11.68,0.03,0.2568,548878.82,646405.195,11.120008091290826,0.0017254,22.768539840056288
313,600000.SH,20190628,11.67,11.68,11.54,11.68,11.64,0.04,0.3436,295451.73,343056.316,11.123264904102502,0.0016554,22.707754479324564
314,600000.SH,20190627,11.68,11.84,11.55,11.64,11.66,-0.02,-0.1715,479977.83,561472.043,11.13356788478873,0.0017189,23.032770777747995
315,600000.SH,20190626,11.56,11.73,11.55,11.66,11.66,0.0,0.0,369731.99,431115.05,11.154590326465346,0.0017152,23.458661504687793
316,600000.SH,20190625,11.98,11.98,11.51,11.66,12.03,-0.37,-3.0756,803593.67,940465.1340000001,11.176069467688992,0.0017638,24.64596292612015
317,600000.SH,20190624,12.09,12.13,11.96,12.03,12.09,-0.06,-0.4963,341953.36,411172.37299999996,11.202321750660834,0.0016639,19.676364283102227
318,600000.SH,20190621,12.18,12.3,12.03,12.09,12.2,-0.11,-0.9016,553811.8,670759.37,11.156431208885246,0.0016959,19.473101204510392
319,600000.SH,20190620,11.95,12.32,11.85,12.2,11.88,0.32,2.6936,716474.96,869024.541,11.087697904305697,0.0015928,17.777615828504068
320,600000.SH,20190619,12.04,12.07,11.81,11.88,11.82,0.06,0.5076,449277.45,537339.845,10.980508279567935,0.0014497,13.898979942302626
321,600000.SH,20190618,11.82,11.9,11.72,11.82,11.77,0.05,0.4248,289651.24,341904.864,10.916938017445023,0.001379,13.921699054633264
322,600000.SH,20190617,11.78,11.92,11.75,11.77,11.79,-0.02,-0.1696,352201.03,416594.828,10.851885894374453,0.0013844,14.58298222290795
323,600000.SH,20190614,11.74,11.87,11.71,11.79,11.7,0.09,0.7692,473851.74,558641.8829999999,10.78291513163136,0.0013907,14.194112692325072
324,600000.SH,20190613,11.57,11.79,11.5,11.7,11.6,0.1,0.8621,469660.16,548219.997,10.694402577486771,0.0013169,14.549588273856784
325,600000.SH,20190612,11.42,11.7,11.4,11.6,11.42,0.18,1.5762,506352.28,584680.927,10.605187863854464,0.0012952,17.53142328836492
326,600000.SH,20190611,11.35,11.45,11.27,11.42,11.26,0.16,1.421,522662.17,594464.068,10.517222432993787,0.0013722,16.17111167755884
327,600000.SH,20190610,11.57,11.7,11.53,11.61,11.47,0.14,1.2206,431837.79,502599.177,10.44764372316641,0.0013111,12.920095105430992
328,600000.SH,20190606,11.51,11.51,11.38,11.47,11.41,0.06,0.5259,264272.15,303162.728,10.396322624314362,0.0012434,12.251543126505384
329,600000.SH,20190605,11.43,11.52,11.35,11.41,11.35,0.06,0.5286,314236.41,359479.709,10.362212061341936,0.0012786,12.91888214863624
330,600000.SH,20190604,11.29,11.37,11.26,11.35,11.28,0.07,0.6206,250773.93,283826.808,10.332785041398584,0.0013091,15.14593210484402
331,600000.SH,20190603,11.17,11.29,11.13,11.28,11.13,0.15,1.3477,304920.63,342326.268,10.309082351243926,0.0013372,14.797414967914097
332,600000.SH,20190531,11.11,11.23,11.05,11.13,11.11,0.02,0.18,369767.28,412819.768,10.294420009530223,0.0013529,13.74156760253775
333,600000.SH,20190530,11.18,11.18,11.03,11.11,11.12,-0.01,-0.0899,266500.33,295267.455,10.307158538128203,0.0013579,13.802830239988662
334,600000.SH,20190529,11.17,11.29,11.07,11.12,11.29,-0.17,-1.5058,408609.7,455620.583,10.326815740264715,0.0013846,13.795689445441393
335,600000.SH,20190528,11.19,11.3,11.02,11.29,11.22,0.07,0.6239,722781.35,809741.253,10.348797265088502,0.0013616,12.65097214010934
336,600000.SH,20190527,11.09,11.26,10.96,11.22,11.11,0.11,0.9901,350879.15,390018.809,10.340916514916112,0.0012535,13.0739930464598
337,600000.SH,20190524,11.17,11.22,11.0,11.11,11.1,0.01,0.0901,241602.65,269312.44899999996,10.345592098687042,0.0012719,11.65925666907382
338,600000.SH,20190523,11.12,11.15,10.95,11.1,11.16,-0.06,-0.5376,363126.89,401709.177,10.373790092058854,0.0013587,15.310482950545998
339,600000.SH,20190522,11.32,11.34,11.12,11.16,11.32,-0.16,-1.4134,400003.91,447828.81200000003,10.410298251380077,0.0014577,23.07320119888679
340,600000.SH,20190521,11.33,11.45,11.31,11.32,11.34,-0.02,-0.1764,329758.73,374972.62100000004,10.44265566727526,0.0015236,25.04826030777013
341,600000.SH,20190520,11.28,11.44,11.25,11.34,11.24,0.1,0.8897,349044.38,396448.39700000006,10.44950050545392,0.0017105,25.1109698591452
342,600000.SH,20190517,11.32,11.35,11.2,11.24,11.3,-0.06,-0.531,383998.31,433108.021,10.453778529875043,0.0020295,24.48034907760538
343,600000.SH,20190516,11.28,11.36,11.22,11.3,11.32,-0.02,-0.1767,341417.55,385015.23299999995,10.47944667267204,0.0023323,34.4148876424644
344,600000.SH,20190515,11.28,11.42,11.23,11.32,11.21,0.11,0.9813,344044.65,389533.43700000003,10.498555179067644,0.0023481,35.29389924183736
345,600000.SH,20190514,11.18,11.44,11.17,11.21,11.31,-0.1,-0.8842,418889.98,473151.52200000006,10.517822131392359,0.0023768,36.043440101080016
346,600000.SH,20190513,11.2,11.4,11.15,11.31,11.32,-0.01,-0.0883,402849.63,455643.05700000003,10.563854019000175,0.0023731,35.96532586680654
347,600000.SH,20190510,11.23,11.42,11.06,11.32,11.12,0.2,1.7986,485507.22,548884.302,10.599675768765872,0.0023657,36.005766469553585
348,600000.SH,20190509,11.48,11.56,11.1,11.12,11.51,-0.39,-3.3884,641280.49,722119.098,10.641413963328631,0.0023133,34.10772970815663
349,600000.SH,20190508,11.64,11.78,11.49,11.51,11.8,-0.29,-2.4576,585001.03,677487.368,10.733306204223076,0.0022751,32.15598920903222
350,600000.SH,20190507,11.82,11.94,11.6,11.8,11.8,0.0,0.0,854899.22,1010271.1240000001,10.765905103413663,0.0022662,30.47019003403765
351,600000.SH,20190506,11.75,11.86,11.54,11.8,11.97,-0.17,-1.4202,1245454.14,1460217.054,10.746473808446092,0.0021152,30.47019003403765
352,600000.SH,20190430,11.7,12.09,11.7,11.97,11.48,0.49,4.2683,1234747.38,1466714.71,10.722724448095938,0.0019145,29.607828231824147
353,600000.SH,20190429,11.35,11.54,11.34,11.48,11.32,0.16,1.4134,385869.38,442046.727,10.658950393159007,0.0018333,29.293628539831165
354,600000.SH,20190426,11.43,11.56,11.28,11.32,11.54,-0.22,-1.9064,424695.81,485267.261,10.68115761255674,0.0019469,28.241976302751457
355,600000.SH,20190425,11.56,11.69,11.48,11.54,11.62,-0.08,-0.6885,408761.29,473973.527,10.741002883683237,0.0018893,26.455733947640734
356,600000.SH,20190424,11.76,11.77,11.51,11.62,11.7,-0.08,-0.6838,382011.08,444929.31299999997,10.769180321730072,0.0019224,26.14722629520851
357,600000.SH,20190423,11.68,11.8,11.63,11.7,11.71,-0.01,-0.0854,338477.19,396659.664,10.787267855965325,0.0019325,26.017502165749143
358,600000.SH,20190422,12.02,12.07,11.68,11.71,12.01,-0.3,-2.4979,533894.18,631192.3570000001,10.793023285044681,0.0020145,27.369134575140873
359,600000.SH,20190419,12.01,12.2,11.86,12.01,11.91,0.1,0.8396,560130.41,672739.66,10.798013754075482,0.0021016,23.498966355243137
360,600000.SH,20190418,11.91,12.05,11.84,11.91,11.91,0.0,0.0,430489.8,513835.27,10.742794877460247,0.00217,24.655104980972588
361,600000.SH,20190417,11.96,12.09,11.88,11.91,11.95,-0.04,-0.3347,681572.11,816127.043,10.695744585988782,0.0021957,24.58674152828548
362,600000.SH,20190416,11.46,11.99,11.43,11.95,11.47,0.48,4.1848,1006654.0,1188260.123,10.638238673610141,0.0021194,24.361559866638075
363,600000.SH,20190415,11.67,11.77,11.46,11.47,11.49,-0.02,-0.1741,705091.67,823853.432,10.559777891194928,0.0020125,14.962877131152535
364,600000.SH,20190412,11.47,11.56,11.43,11.49,11.47,0.02,0.1744,262736.9,301752.036,10.561990721608572,0.001977,18.020978027785898
365,600000.SH,20190411,11.47,11.59,11.35,11.47,11.48,-0.01,-0.0871,501727.94,575765.348,10.560607402542725,0.0019877,18.516729186644945
366,600000.SH,20190410,11.5,11.56,11.42,11.48,11.54,-0.06,-0.5199,410275.39,470666.649,10.563004568479904,0.0019591,18.518743348758193
367,600000.SH,20190409,11.72,11.75,11.49,11.54,11.72,-0.18,-1.5358,568959.92,660406.225,10.563890493587389,0.0019227,17.88344034845159
368,600000.SH,20190408,11.79,11.96,11.65,11.72,11.71,0.01,0.0854,778703.73,920513.531,10.552709623138451,0.0019257,23.99849158209159
369,600000.SH,20190404,11.55,11.71,11.54,11.71,11.5,0.21,1.8261,752325.27,876099.547,10.50225311157015,0.0017747,24.413827948031486
370,600000.SH,20190403,11.37,11.54,11.34,11.5,11.44,0.06,0.5245,502710.29,575799.446,10.442627986661268,0.0016317,23.108244370691043
371,600000.SH,20190402,11.5,11.52,11.41,11.44,11.44,0.0,0.0,467147.1,534896.81,10.4126756705992,0.00155,22.89742338020012
372,600000.SH,20190401,11.36,11.52,11.29,11.44,11.28,0.16,1.4184,706374.05,808657.53,10.388330952518064,0.0014817,22.922724710009497
373,600000.SH,20190329,10.98,11.3,10.98,11.28,11.03,0.25,2.2665,605262.66,678436.536,10.358576296836915,0.0013865,22.888382844892835
374,600000.SH,20190328,11.03,11.05,10.9,11.03,11.08,-0.05,-0.4513,292961.2,321585.86100000003,10.354912609285016,0.0012913,18.683870330875948
375,600000.SH,20190327,11.11,11.24,11.04,11.08,11.09,-0.01,-0.0902,421244.89,469246.326,10.401533384276563,0.0013093,18.882273340073702
376,600000.SH,20190326,11.11,11.14,11.03,11.09,11.03,0.06,0.544,307957.22,341425.28,10.448294608471635,0.0013066,18.918374422057955
377,600000.SH,20190325,11.28,11.29,11.01,11.03,11.39,-0.36,-3.1607,577165.77,642860.108,10.503403271366992,0.0013828,18.324203135956076
378,600000.SH,20190322,11.49,11.51,11.31,11.39,11.46,-0.07,-0.6108,354364.46,403972.783,10.583021971431409,0.0013195,9.440488096262078
379,600000.SH,20190321,11.56,11.59,11.44,11.46,11.55,-0.09,-0.7792,350370.35,403573.24299999996,10.606751709636713,0.0013808,18.461910305582656
380,600000.SH,20190320,11.52,11.64,11.49,11.55,11.55,0.0,0.0,273254.24,315587.208,10.62144711024475,0.0014433,18.811382234468034
381,600000.SH,20190319,11.63,11.67,11.51,11.55,11.59,-0.04,-0.3451,275002.31,318521.475,10.62101265410153,0.0015372,19.08176072020322
382,600000.SH,20190318,11.45,11.6,11.37,11.59,11.43,0.16,1.3998,438795.62,503915.219,10.62048165223159,0.0016335,19.082222159494922
383,600000.SH,20190315,11.47,11.6,11.43,11.43,11.46,-0.03,-0.2618,337693.2,388244.487,10.61165687138346,0.0017799,16.6208745536402
384,600000.SH,20190314,11.46,11.58,11.43,11.46,11.44,0.02,0.1748,343378.99,395468.492,10.633574142540988,0.0018848,22.011282097991327
385,600000.SH,20190313,11.41,11.56,11.3,11.44,11.44,0.0,0.0,413730.14,472974.75899999996,10.654230084623249,0.0019028,22.018679102040778
386,600000.SH,20190312,11.59,11.69,11.4,11.44,11.47,-0.03,-0.2616,522118.07,602940.683,10.683564125214124,0.002009,23.93422286176192
387,600000.SH,20190311,11.44,11.59,11.36,11.47,11.5,-0.03,-0.2609,399220.2,457056.506,10.719416841491858,0.0021208,26.186018593104368
388,600000.SH,20190308,11.72,11.72,11.36,11.5,11.88,-0.38,-3.1987,526705.31,609490.591,10.757104994027946,0.0023122,49.37616194423925
389,600000.SH,20190307,12.03,12.04,11.87,11.88,12.02,-0.14,-1.1647,526188.24,628390.863,10.797036457132046,0.002217,45.27610320396634
390,600000.SH,20190306,11.99,12.15,11.86,12.02,11.98,0.04,0.3339,536931.64,644243.05,10.768171683809033,0.0021202,44.388424697576326
391,600000.SH,20190305,12.01,12.04,11.87,11.98,12.02,-0.04,-0.3328,545642.02,652552.2,10.704277291900832,0.0020084,44.41433064973714
392,600000.SH,20190304,12.12,12.38,11.95,12.02,12.02,0.0,0.0,850247.77,1030561.5090000001,10.634359924217717,0.0019065,44.44609726491143
393,600000.SH,20190301,11.81,12.06,11.6,12.02,11.74,0.28,2.385,632546.21,747753.3420000001,10.540729584987721,0.0016755,44.149975988292105
394,600000.SH,20190228,11.83,11.92,11.68,11.74,11.83,-0.09,-0.7608,393934.14,464139.463,10.426292503706613,0.0015136,45.53065269160365
395,600000.SH,20190227,11.71,12.07,11.67,11.83,11.65,0.18,1.5451,712016.03,843023.417,10.343655409774236,0.0014439,45.1890480457266
396,600000.SH,20190226,11.91,12.15,11.6,11.65,11.92,-0.27,-2.2651,836432.65,990289.7209999999,10.224259015444987,0.0012981,45.1054731612067
397,600000.SH,20190225,11.03,11.95,11.03,11.92,11.01,0.91,8.2652,937122.64,1075040.678,10.11512109186998,0.0010602,41.90302265732379
398,600000.SH,20190222,10.76,11.01,10.76,11.01,10.79,0.22,2.0389,259074.38,281913.76,9.926543791733888,0.0007986,17.741817649789038
399,600000.SH,20190221,10.83,10.93,10.75,10.79,10.83,-0.04,-0.3693,254023.9,275374.197,9.882059385315518,0.0007744,14.741322645716284
400,600000.SH,20190220,10.92,10.92,10.81,10.83,10.8,0.03,0.2778,222863.11,242111.573,9.872656337135973,0.0007734,17.860443461987014
401,600000.SH,20190219,10.85,10.96,10.78,10.8,10.84,-0.04,-0.369,259527.45,281465.131,9.852987944297425,0.0007512,18.652730373417473
402,600000.SH,20190218,10.75,10.87,10.7,10.84,10.66,0.18,1.6886,201022.19,217621.15300000002,9.835080631686113,0.0007435,19.42301634430967
403,600000.SH,20190215,10.78,10.85,10.66,10.66,10.82,-0.16,-1.4787,177587.89,190960.435,9.805018137709636,0.0007495,18.773492730889878
404,600000.SH,20190214,10.85,10.91,10.8,10.82,10.86,-0.04,-0.3683,198152.86,215023.175,9.805066092426456,0.0007564,16.894911517068966
405,600000.SH,20190213,10.74,10.93,10.68,10.86,10.72,0.14,1.306,302486.95,325845.959,9.772421589745074,0.0007393,16.56195118580502
406,600000.SH,20190212,10.71,10.73,10.63,10.72,10.7,0.02,0.1869,167696.01,179099.038,9.724346974571848,0.0006905,16.103076485650906
407,600000.SH,20190211,10.62,10.73,10.62,10.7,10.77,-0.07,-0.65,202165.68,215903.077,9.69420433675882,0.0006886,17.607885133138417
408,600000.SH,20190201,10.82,10.82,10.62,10.77,10.73,0.04,0.3728,191193.43,204604.27300000002,9.661451224144345,0.0006841,17.80137470386089
409,600000.SH,20190131,10.59,10.73,10.51,10.73,10.5,0.23,2.1905,251310.34,267614.893,9.607112029803282,0.0007196,20.971675403765147
410,600000.SH,20190130,10.59,10.64,10.47,10.5,10.58,-0.08,-0.7561,160542.56,169387.635,9.548873236841564,0.0007112,18.897304163459147
411,600000.SH,20190129,10.39,10.63,10.38,10.58,10.42,0.16,1.5355,237680.04,250301.612,9.524703216644292,0.0007003,17.89664208837735
412,600000.SH,20190128,10.53,10.66,10.39,10.42,10.5,-0.08,-0.7619,217690.73,229185.387,9.47881052355657,0.0006713,16.892456748558377
413,600000.SH,20190125,10.45,10.56,10.38,10.5,10.38,0.12,1.1561,196965.87,206935.39800000002,9.455422567980419,0.0006662,15.815962580809988
414,600000.SH,20190124,10.34,10.39,10.27,10.38,10.27,0.11,1.0711,150066.99,155265.97199999998,9.410485732563554,0.000664,15.548734108673965
415,600000.SH,20190123,10.29,10.34,10.25,10.27,10.25,0.02,0.1951,165203.27,170289.907,9.380090268579833,0.0006673,15.455992574207544
416,600000.SH,20190122,10.38,10.38,10.23,10.25,10.35,-0.1,-0.9662,162505.57,167165.417,9.36542364811217,0.0006909,15.449497569384631
417,600000.SH,20190121,10.36,10.46,10.3,10.35,10.43,-0.08,-0.767,189477.89,196394.076,9.351585667725812,0.0006868,14.120166229043512
418,600000.SH,20190118,10.29,10.44,10.22,10.43,10.17,0.26,2.5565,290871.41,300979.124,9.314233134055987,0.0007034,12.707555658888147
419,600000.SH,20190117,10.17,10.28,10.07,10.17,10.13,0.04,0.3949,227660.48,232114.667,9.252228481134843,0.0006966,8.407520190024425
420,600000.SH,20190116,10.1,10.15,10.07,10.13,10.11,0.02,0.1978,129883.4,131354.721,9.229587576157494,0.000682,9.253665630769135
421,600000.SH,20190115,10.1,10.15,10.05,10.11,10.06,0.05,0.49700000000000005,156321.25,158126.136,9.210091137608487,0.0007204,11.811661041877864
422,600000.SH,20190114,10.03,10.1,10.01,10.06,10.05,0.01,0.0995,203528.4,204659.052,9.190350046233815,0.0007623,13.1021044643876
423,600000.SH,20190111,10.03,10.15,9.96,10.05,9.96,0.09,0.9036,190690.69,191290.10199999998,9.176441769261777,0.0007872,13.273402338792454
424,600000.SH,20190110,9.94,10.02,9.92,9.96,9.99,-0.03,-0.3003,159235.66,158718.755,9.16148670811349,0.0007925,15.146466397746533
425,600000.SH,20190109,10.06,10.16,9.98,9.99,9.96,0.03,0.3012,231637.2,233890.28100000002,9.161603801705713,0.0008597,16.581003717600424
426,600000.SH,20190108,10.03,10.03,9.91,9.96,9.98,-0.02,-0.2004,151049.33,150501.65,9.155615082070618,0.0008584,18.51096505340241
427,600000.SH,20190107,10.09,10.09,9.92,9.98,9.96,0.02,0.2008,235973.76,235440.197,9.154427369792653,0.000879,20.318560648617915
428,600000.SH,20190104,9.73,10.0,9.7,9.96,9.81,0.15,1.5291,271728.44,268964.563,9.14888783204727,0.000902,23.6626522667346
429,600000.SH,20190103,9.7,9.82,9.66,9.81,9.7,0.11,1.1340000000000001,186542.62,181975.985,9.146205175651204,0.0008537,20.772811084261317
430,600000.SH,20190102,9.74,9.79,9.58,9.7,9.8,-0.1,-1.0204,237628.22,229625.669,9.173585542854227,0.0008565,18.658170731147354
